[
  {
    "id": 2923,
    "name": "Azuay",
    "country_id": 64,
    "country_code": "EC",
    "fips_code": null,
    "iso2": "A",
    "type": "province",
    "latitude": "-3.05244510",
    "longitude": "-79.23951350",
    "native": "Azuay",
    "timezone": "America/Guayaquil",
    "translations": {}
  },
  {
    "id": 2920,
    "name": "Bolívar",
    "country_id": 64,
    "country_code": "EC",
    "fips_code": null,
    "iso2": "B",
    "type": "province",
    "latitude": "-1.53927330",
    "longitude": "-79.08165050",
    "native": "Bolívar",
    "timezone": "America/Guayaquil",
    "translations": {}
  },
  {
    "id": 2917,
    "name": "Cañar",
    "country_id": 64,
    "country_code": "EC",
    "fips_code": null,
    "iso2": "F",
    "type": "province",
    "latitude": "-2.57448400",
    "longitude": "-78.98046780",
    "native": "Cañar",
    "timezone": "America/Guayaquil",
    "translations": {}
  },
  {
    "id": 2915,
    "name": "Carchi",
    "country_id": 64,
    "country_code": "EC",
    "fips_code": null,
    "iso2": "C",
    "type": "province",
    "latitude": "0.83751630",
    "longitude": "-78.20751540",
    "native": "Carchi",
    "timezone": "America/Guayaquil",
    "translations": {}
  },
  {
    "id": 2925,
    "name": "Chimborazo",
    "country_id": 64,
    "country_code": "EC",
    "fips_code": null,
    "iso2": "H",
    "type": "province",
    "latitude": "-1.46809880",
    "longitude": "-78.81555890",
    "native": "Chimborazo",
    "timezone": "America/Guayaquil",
    "translations": {}
  },
  {
    "id": 2921,
    "name": "Cotopaxi",
    "country_id": 64,
    "country_code": "EC",
    "fips_code": null,
    "iso2": "X",
    "type": "province",
    "latitude": "-0.82685210",
    "longitude": "-78.89377570",
    "native": "Cotopaxi",
    "timezone": "America/Guayaquil",
    "translations": {}
  },
  {
    "id": 2924,
    "name": "El Oro",
    "country_id": 64,
    "country_code": "EC",
    "fips_code": null,
    "iso2": "O",
    "type": "province",
    "latitude": "-3.53110930",
    "longitude": "-79.83332340",
    "native": "El Oro",
    "timezone": "America/Guayaquil",
    "translations": {}
  },
  {
    "id": 2922,
    "name": "Esmeraldas",
    "country_id": 64,
    "country_code": "EC",
    "fips_code": null,
    "iso2": "E",
    "type": "province",
    "latitude": "0.96817890",
    "longitude": "-79.65172020",
    "native": "Esmeraldas",
    "timezone": "America/Guayaquil",
    "translations": {}
  },
  {
    "id": 2905,
    "name": "Galápagos",
    "country_id": 64,
    "country_code": "EC",
    "fips_code": null,
    "iso2": "W",
    "type": "province",
    "latitude": "-0.06068990",
    "longitude": "-90.67389800",
    "native": "Galápagos",
    "timezone": "Pacific/Galapagos",
    "translations": {}
  },
  {
    "id": 2914,
    "name": "Guayas",
    "country_id": 64,
    "country_code": "EC",
    "fips_code": null,
    "iso2": "G",
    "type": "province",
    "latitude": "-2.00000000",
    "longitude": "-80.00000000",
    "native": "Guayas",
    "timezone": "America/Guayaquil",
    "translations": {}
  },
  {
    "id": 2911,
    "name": "Imbabura",
    "country_id": 64,
    "country_code": "EC",
    "fips_code": null,
    "iso2": "I",
    "type": "province",
    "latitude": "0.25429020",
    "longitude": "-78.18039130",
    "native": "Imbabura",
    "timezone": "America/Guayaquil",
    "translations": {}
  },
  {
    "id": 5068,
    "name": "Loja",
    "country_id": 64,
    "country_code": "EC",
    "fips_code": null,
    "iso2": "L",
    "type": "province",
    "latitude": "-3.99313000",
    "longitude": "-79.20422000",
    "native": "Almacenar",
    "timezone": "America/Guayaquil",
    "translations": {}
  },
  {
    "id": 2910,
    "name": "Los Ríos",
    "country_id": 64,
    "country_code": "EC",
    "fips_code": null,
    "iso2": "R",
    "type": "province",
    "latitude": "-1.49412730",
    "longitude": "-79.55424850",
    "native": "Los Ríos",
    "timezone": "America/Guayaquil",
    "translations": {}
  },
  {
    "id": 2913,
    "name": "Manabí",
    "country_id": 64,
    "country_code": "EC",
    "fips_code": null,
    "iso2": "M",
    "type": "province",
    "latitude": "-0.75880250",
    "longitude": "-80.06121310",
    "native": "Manabí",
    "timezone": "America/Guayaquil",
    "translations": {}
  },
  {
    "id": 2918,
    "name": "Morona-Santiago",
    "country_id": 64,
    "country_code": "EC",
    "fips_code": null,
    "iso2": "S",
    "type": "province",
    "latitude": "-2.62329690",
    "longitude": "-78.00481060",
    "native": "Morona-Santiago",
    "timezone": "America/Guayaquil",
    "translations": {}
  },
  {
    "id": 2916,
    "name": "Napo",
    "country_id": 64,
    "country_code": "EC",
    "fips_code": null,
    "iso2": "N",
    "type": "province",
    "latitude": "-0.60819650",
    "longitude": "-77.95203410",
    "native": "NAPO",
    "timezone": "America/Guayaquil",
    "translations": {}
  },
  {
    "id": 2926,
    "name": "Orellana",
    "country_id": 64,
    "country_code": "EC",
    "fips_code": null,
    "iso2": "D",
    "type": "province",
    "latitude": "-0.78618000",
    "longitude": "-76.48031840",
    "native": "Orellana",
    "timezone": "America/Guayaquil",
    "translations": {}
  },
  {
    "id": 2907,
    "name": "Pastaza",
    "country_id": 64,
    "country_code": "EC",
    "fips_code": null,
    "iso2": "Y",
    "type": "province",
    "latitude": "-1.91666700",
    "longitude": "-77.00000000",
    "native": "Pastaza",
    "timezone": "America/Guayaquil",
    "translations": {}
  },
  {
    "id": 2927,
    "name": "Pichincha",
    "country_id": 64,
    "country_code": "EC",
    "fips_code": null,
    "iso2": "P",
    "type": "province",
    "latitude": "-0.05848930",
    "longitude": "-78.32843710",
    "native": "Pichincha",
    "timezone": "America/Guayaquil",
    "translations": {}
  },
  {
    "id": 2912,
    "name": "Santa Elena",
    "country_id": 64,
    "country_code": "EC",
    "fips_code": null,
    "iso2": "SE",
    "type": "province",
    "latitude": "-2.22671050",
    "longitude": "-80.85949900",
    "native": "Santa Elena",
    "timezone": "America/Guayaquil",
    "translations": {}
  },
  {
    "id": 2919,
    "name": "Santo Domingo de los Tsáchilas",
    "country_id": 64,
    "country_code": "EC",
    "fips_code": null,
    "iso2": "SD",
    "type": "province",
    "latitude": "-0.25462120",
    "longitude": "-79.16867240",
    "native": "Santo Domingo de los Tsáchilas",
    "timezone": "America/Guayaquil",
    "translations": {}
  },
  {
    "id": 2906,
    "name": "Sucumbíos",
    "country_id": 64,
    "country_code": "EC",
    "fips_code": null,
    "iso2": "U",
    "type": "province",
    "latitude": "-0.03913800",
    "longitude": "-76.51196780",
    "native": "Sucumbíos",
    "timezone": "America/Guayaquil",
    "translations": {}
  },
  {
    "id": 2908,
    "name": "Tungurahua",
    "country_id": 64,
    "country_code": "EC",
    "fips_code": null,
    "iso2": "T",
    "type": "province",
    "latitude": "-1.27658950",
    "longitude": "-78.47546670",
    "native": "Tungurahua",
    "timezone": "America/Guayaquil",
    "translations": {}
  },
  {
    "id": 2909,
    "name": "Zamora Chinchipe",
    "country_id": 64,
    "country_code": "EC",
    "fips_code": null,
    "iso2": "Z",
    "type": "province",
    "latitude": "-4.06201830",
    "longitude": "-78.77515880",
    "native": "Zamora Chinchipe",
    "timezone": "America/Guayaquil",
    "translations": {}
  }
]