[
  {
    "id": 10056,
    "name": "Abaetetuba",
    "state_id": 2009,
    "state_code": "PA",
    "country_id": 31,
    "country_code": "BR",
    "latitude": "-1.71806000",
    "longitude": "-48.88250000",
    "native": null,
    "timezone": null,
    "translations": {}
  },
  {
    "id": 10063,
    "name": "Abel Figueiredo",
    "state_id": 2009,
    "state_code": "PA",
    "country_id": 31,
    "country_code": "BR",
    "latitude": "-4.94378000",
    "longitude": "-48.42275000",
    "native": null,
    "timezone": null,
    "translations": {}
  },
  {
    "id": 10073,
    "name": "Acará",
    "state_id": 2009,
    "state_code": "PA",
    "country_id": 31,
    "country_code": "BR",
    "latitude": "-1.96083000",
    "longitude": "-48.19667000",
    "native": null,
    "timezone": null,
    "translations": {}
  },
  {
    "id": 10090,
    "name": "Afuá",
    "state_id": 2009,
    "state_code": "PA",
    "country_id": 31,
    "country_code": "BR",
    "latitude": "-0.15667000",
    "longitude": "-50.38667000",
    "native": null,
    "timezone": null,
    "translations": {}
  },
  {
    "id": 15648,
    "name": "Água Azul do Norte",
    "state_id": 2009,
    "state_code": "PA",
    "country_id": 31,
    "country_code": "BR",
    "latitude": "-6.63125000",
    "longitude": "-50.62146000",
    "native": null,
    "timezone": null,
    "translations": {}
  },
  {
    "id": 10127,
    "name": "Alenquer",
    "state_id": 2009,
    "state_code": "PA",
    "country_id": 31,
    "country_code": "BR",
    "latitude": "-0.85422000",
    "longitude": "-54.94506000",
    "native": null,
    "timezone": null,
    "translations": {}
  },
  {
    "id": 10141,
    "name": "Almeirim",
    "state_id": 2009,
    "state_code": "PA",
    "country_id": 31,
    "country_code": "BR",
    "latitude": "0.47621000",
    "longitude": "-53.87297000",
    "native": null,
    "timezone": null,
    "translations": {}
  },
  {
    "id": 10153,
    "name": "Altamira",
    "state_id": 2009,
    "state_code": "PA",
    "country_id": 31,
    "country_code": "BR",
    "latitude": "-3.20333000",
    "longitude": "-52.20639000",
    "native": null,
    "timezone": null,
    "translations": {}
  },
  {
    "id": 10231,
    "name": "Anajás",
    "state_id": 2009,
    "state_code": "PA",
    "country_id": 31,
    "country_code": "BR",
    "latitude": "-0.86015000",
    "longitude": "-50.03970000",
    "native": null,
    "timezone": null,
    "translations": {}
  },
  {
    "id": 10234,
    "name": "Ananindeua",
    "state_id": 2009,
    "state_code": "PA",
    "country_id": 31,
    "country_code": "BR",
    "latitude": "-1.34611000",
    "longitude": "-48.38287000",
    "native": null,
    "timezone": null,
    "translations": {}
  },
  {
    "id": 10236,
    "name": "Anapu",
    "state_id": 2009,
    "state_code": "PA",
    "country_id": 31,
    "country_code": "BR",
    "latitude": "-3.88583000",
    "longitude": "-51.33796000",
    "native": null,
    "timezone": null,
    "translations": {}
  },
  {
    "id": 10443,
    "name": "Augusto Corrêa",
    "state_id": 2009,
    "state_code": "PA",
    "country_id": 31,
    "country_code": "BR",
    "latitude": "-1.02167000",
    "longitude": "-46.63500000",
    "native": null,
    "timezone": null,
    "translations": {}
  },
  {
    "id": 10452,
    "name": "Aurora do Pará",
    "state_id": 2009,
    "state_code": "PA",
    "country_id": 31,
    "country_code": "BR",
    "latitude": "-2.30323000",
    "longitude": "-47.75621000",
    "native": null,
    "timezone": null,
    "translations": {}
  },
  {
    "id": 10458,
    "name": "Aveiro",
    "state_id": 2009,
    "state_code": "PA",
    "country_id": 31,
    "country_code": "BR",
    "latitude": "-3.66721000",
    "longitude": "-56.01637000",
    "native": null,
    "timezone": null,
    "translations": {}
  },
  {
    "id": 10473,
    "name": "Bagre",
    "state_id": 2009,
    "state_code": "PA",
    "country_id": 31,
    "country_code": "BR",
    "latitude": "-2.40166000",
    "longitude": "-50.16628000",
    "native": null,
    "timezone": null,
    "translations": {}
  },
  {
    "id": 10480,
    "name": "Baião",
    "state_id": 2009,
    "state_code": "PA",
    "country_id": 31,
    "country_code": "BR",
    "latitude": "-2.79056000",
    "longitude": "-49.67167000",
    "native": null,
    "timezone": null,
    "translations": {}
  },
  {
    "id": 10503,
    "name": "Bannach",
    "state_id": 2009,
    "state_code": "PA",
    "country_id": 31,
    "country_code": "BR",
    "latitude": "-7.46864000",
    "longitude": "-50.65904000",
    "native": null,
    "timezone": null,
    "translations": {}
  },
  {
    "id": 10511,
    "name": "Barcarena",
    "state_id": 2009,
    "state_code": "PA",
    "country_id": 31,
    "country_code": "BR",
    "latitude": "-1.54656000",
    "longitude": "-48.63248000",
    "native": null,
    "timezone": null,
    "translations": {}
  },
  {
    "id": 10615,
    "name": "Belém",
    "state_id": 2009,
    "state_code": "PA",
    "country_id": 31,
    "country_code": "BR",
    "latitude": "-1.45583000",
    "longitude": "-48.50444000",
    "native": null,
    "timezone": null,
    "translations": {}
  },
  {
    "id": 10612,
    "name": "Belterra",
    "state_id": 2009,
    "state_code": "PA",
    "country_id": 31,
    "country_code": "BR",
    "latitude": "-3.01258000",
    "longitude": "-54.99128000",
    "native": null,
    "timezone": null,
    "translations": {}
  },
  {
    "id": 10625,
    "name": "Benevides",
    "state_id": 2009,
    "state_code": "PA",
    "country_id": 31,
    "country_code": "BR",
    "latitude": "-1.36139000",
    "longitude": "-48.24472000",
    "native": null,
    "timezone": null,
    "translations": {}
  },
  {
    "id": 10716,
    "name": "Bom Jesus do Tocantins",
    "state_id": 2009,
    "state_code": "PA",
    "country_id": 31,
    "country_code": "BR",
    "latitude": "-4.99184000",
    "longitude": "-48.82370000",
    "native": null,
    "timezone": null,
    "translations": {}
  },
  {
    "id": 10738,
    "name": "Bonito",
    "state_id": 2009,
    "state_code": "PA",
    "country_id": 31,
    "country_code": "BR",
    "latitude": "-1.42927000",
    "longitude": "-47.33735000",
    "native": null,
    "timezone": null,
    "translations": {}
  },
  {
    "id": 10765,
    "name": "Bragança",
    "state_id": 2009,
    "state_code": "PA",
    "country_id": 31,
    "country_code": "BR",
    "latitude": "-0.96813000",
    "longitude": "-46.73377000",
    "native": null,
    "timezone": null,
    "translations": {}
  },
  {
    "id": 10768,
    "name": "Brasil Novo",
    "state_id": 2009,
    "state_code": "PA",
    "country_id": 31,
    "country_code": "BR",
    "latitude": "-3.33767000",
    "longitude": "-52.57451000",
    "native": null,
    "timezone": null,
    "translations": {}
  },
  {
    "id": 10791,
    "name": "Brejo Grande do Araguaia",
    "state_id": 2009,
    "state_code": "PA",
    "country_id": 31,
    "country_code": "BR",
    "latitude": "-5.74369000",
    "longitude": "-48.45573000",
    "native": null,
    "timezone": null,
    "translations": {}
  },
  {
    "id": 10801,
    "name": "Breu Branco",
    "state_id": 2009,
    "state_code": "PA",
    "country_id": 31,
    "country_code": "BR",
    "latitude": "-3.73348000",
    "longitude": "-49.37122000",
    "native": null,
    "timezone": null,
    "translations": {}
  },
  {
    "id": 10802,
    "name": "Breves",
    "state_id": 2009,
    "state_code": "PA",
    "country_id": 31,
    "country_code": "BR",
    "latitude": "-1.68222000",
    "longitude": "-50.48028000",
    "native": null,
    "timezone": null,
    "translations": {}
  },
  {
    "id": 10820,
    "name": "Bujaru",
    "state_id": 2009,
    "state_code": "PA",
    "country_id": 31,
    "country_code": "BR",
    "latitude": "-1.51500000",
    "longitude": "-48.04472000",
    "native": null,
    "timezone": null,
    "translations": {}
  },
  {
    "id": 10871,
    "name": "Cachoeira do Arari",
    "state_id": 2009,
    "state_code": "PA",
    "country_id": 31,
    "country_code": "BR",
    "latitude": "-0.84609000",
    "longitude": "-48.93118000",
    "native": null,
    "timezone": null,
    "translations": {}
  },
  {
    "id": 10872,
    "name": "Cachoeira do Piriá",
    "state_id": 2009,
    "state_code": "PA",
    "country_id": 31,
    "country_code": "BR",
    "latitude": "-1.94037000",
    "longitude": "-46.46914000",
    "native": null,
    "timezone": null,
    "translations": {}
  },
  {
    "id": 10952,
    "name": "Cametá",
    "state_id": 2009,
    "state_code": "PA",
    "country_id": 31,
    "country_code": "BR",
    "latitude": "-2.29582000",
    "longitude": "-49.49213000",
    "native": null,
    "timezone": null,
    "translations": {}
  },
  {
    "id": 11031,
    "name": "Canaã dos Carajás",
    "state_id": 2009,
    "state_code": "PA",
    "country_id": 31,
    "country_code": "BR",
    "latitude": "-6.49873000",
    "longitude": "-50.09334000",
    "native": null,
    "timezone": null,
    "translations": {}
  },
  {
    "id": 11062,
    "name": "Capanema",
    "state_id": 2009,
    "state_code": "PA",
    "country_id": 31,
    "country_code": "BR",
    "latitude": "-1.19583000",
    "longitude": "-47.18083000",
    "native": null,
    "timezone": null,
    "translations": {}
  },
  {
    "id": 11085,
    "name": "Capitão Poço",
    "state_id": 2009,
    "state_code": "PA",
    "country_id": 31,
    "country_code": "BR",
    "latitude": "-1.74639000",
    "longitude": "-47.05944000",
    "native": null,
    "timezone": null,
    "translations": {}
  },
  {
    "id": 11184,
    "name": "Castanhal",
    "state_id": 2009,
    "state_code": "PA",
    "country_id": 31,
    "country_code": "BR",
    "latitude": "-1.27231000",
    "longitude": "-47.85627000",
    "native": null,
    "timezone": null,
    "translations": {}
  },
  {
    "id": 11275,
    "name": "Chaves",
    "state_id": 2009,
    "state_code": "PA",
    "country_id": 31,
    "country_code": "BR",
    "latitude": "-0.06289000",
    "longitude": "-49.64787000",
    "native": null,
    "timezone": null,
    "translations": {}
  },
  {
    "id": 11319,
    "name": "Colares",
    "state_id": 2009,
    "state_code": "PA",
    "country_id": 31,
    "country_code": "BR",
    "latitude": "-0.90894000",
    "longitude": "-48.25340000",
    "native": null,
    "timezone": null,
    "translations": {}
  },
  {
    "id": 11354,
    "name": "Conceição do Araguaia",
    "state_id": 2009,
    "state_code": "PA",
    "country_id": 31,
    "country_code": "BR",
    "latitude": "-8.26441000",
    "longitude": "-49.26982000",
    "native": null,
    "timezone": null,
    "translations": {}
  },
  {
    "id": 11368,
    "name": "Concórdia do Pará",
    "state_id": 2009,
    "state_code": "PA",
    "country_id": 31,
    "country_code": "BR",
    "latitude": "-1.86154000",
    "longitude": "-47.96322000",
    "native": null,
    "timezone": null,
    "translations": {}
  },
  {
    "id": 11514,
    "name": "Cumaru do Norte",
    "state_id": 2009,
    "state_code": "PA",
    "country_id": 31,
    "country_code": "BR",
    "latitude": "-8.39144000",
    "longitude": "-51.24084000",
    "native": null,
    "timezone": null,
    "translations": {}
  },
  {
    "id": 11523,
    "name": "Curionópolis",
    "state_id": 2009,
    "state_code": "PA",
    "country_id": 31,
    "country_code": "BR",
    "latitude": "-6.18137000",
    "longitude": "-49.66441000",
    "native": null,
    "timezone": null,
    "translations": {}
  },
  {
    "id": 11533,
    "name": "Curralinho",
    "state_id": 2009,
    "state_code": "PA",
    "country_id": 31,
    "country_code": "BR",
    "latitude": "-1.58236000",
    "longitude": "-49.98697000",
    "native": null,
    "timezone": null,
    "translations": {}
  },
  {
    "id": 11536,
    "name": "Curuá",
    "state_id": 2009,
    "state_code": "PA",
    "country_id": 31,
    "country_code": "BR",
    "latitude": "-1.73821000",
    "longitude": "-55.11492000",
    "native": null,
    "timezone": null,
    "translations": {}
  },
  {
    "id": 11537,
    "name": "Curuçá",
    "state_id": 2009,
    "state_code": "PA",
    "country_id": 31,
    "country_code": "BR",
    "latitude": "-0.69787000",
    "longitude": "-47.86755000",
    "native": null,
    "timezone": null,
    "translations": {}
  },
  {
    "id": 11626,
    "name": "Dom Eliseu",
    "state_id": 2009,
    "state_code": "PA",
    "country_id": 31,
    "country_code": "BR",
    "latitude": "-4.08267000",
    "longitude": "-47.89052000",
    "native": null,
    "timezone": null,
    "translations": {}
  },
  {
    "id": 11679,
    "name": "Eldorado do Carajás",
    "state_id": 2009,
    "state_code": "PA",
    "country_id": 31,
    "country_code": "BR",
    "latitude": "-6.10586000",
    "longitude": "-49.30329000",
    "native": null,
    "timezone": null,
    "translations": {}
  },
  {
    "id": 11776,
    "name": "Faro",
    "state_id": 2009,
    "state_code": "PA",
    "country_id": 31,
    "country_code": "BR",
    "latitude": "-1.11536000",
    "longitude": "-57.77412000",
    "native": null,
    "timezone": null,
    "translations": {}
  },
  {
    "id": 11837,
    "name": "Floresta do Araguaia",
    "state_id": 2009,
    "state_code": "PA",
    "country_id": 31,
    "country_code": "BR",
    "latitude": "-7.57944000",
    "longitude": "-49.52862000",
    "native": null,
    "timezone": null,
    "translations": {}
  },
  {
    "id": 11923,
    "name": "Garrafão do Norte",
    "state_id": 2009,
    "state_code": "PA",
    "country_id": 31,
    "country_code": "BR",
    "latitude": "-2.21516000",
    "longitude": "-47.11722000",
    "native": null,
    "timezone": null,
    "translations": {}
  },
  {
    "id": 11965,
    "name": "Goianésia do Pará",
    "state_id": 2009,
    "state_code": "PA",
    "country_id": 31,
    "country_code": "BR",
    "latitude": "-3.94920000",
    "longitude": "-48.87355000",
    "native": null,
    "timezone": null,
    "translations": {}
  },
  {
    "id": 12089,
    "name": "Gurupá",
    "state_id": 2009,
    "state_code": "PA",
    "country_id": 31,
    "country_code": "BR",
    "latitude": "-1.16555000",
    "longitude": "-51.62743000",
    "native": null,
    "timezone": null,
    "translations": {}
  },
  {
    "id": 12182,
    "name": "Igarapé Açu",
    "state_id": 2009,
    "state_code": "PA",
    "country_id": 31,
    "country_code": "BR",
    "latitude": "-1.12889000",
    "longitude": "-47.62000000",
    "native": null,
    "timezone": null,
    "translations": {}
  },
  {
    "id": 12184,
    "name": "Igarapé Miri",
    "state_id": 2009,
    "state_code": "PA",
    "country_id": 31,
    "country_code": "BR",
    "latitude": "-1.97500000",
    "longitude": "-48.95972000",
    "native": null,
    "timezone": null,
    "translations": {}
  },
  {
    "id": 12248,
    "name": "Inhangapi",
    "state_id": 2009,
    "state_code": "PA",
    "country_id": 31,
    "country_code": "BR",
    "latitude": "-1.46284000",
    "longitude": "-47.94974000",
    "native": null,
    "timezone": null,
    "translations": {}
  },
  {
    "id": 12282,
    "name": "Ipixuna do Pará",
    "state_id": 2009,
    "state_code": "PA",
    "country_id": 31,
    "country_code": "BR",
    "latitude": "-2.98149000",
    "longitude": "-48.11946000",
    "native": null,
    "timezone": null,
    "translations": {}
  },
  {
    "id": 12320,
    "name": "Irituia",
    "state_id": 2009,
    "state_code": "PA",
    "country_id": 31,
    "country_code": "BR",
    "latitude": "-1.77048000",
    "longitude": "-47.42145000",
    "native": null,
    "timezone": null,
    "translations": {}
  },
  {
    "id": 12363,
    "name": "Itaituba",
    "state_id": 2009,
    "state_code": "PA",
    "country_id": 31,
    "country_code": "BR",
    "latitude": "-5.86018000",
    "longitude": "-56.23176000",
    "native": null,
    "timezone": null,
    "translations": {}
  },
  {
    "id": 12490,
    "name": "Itupiranga",
    "state_id": 2009,
    "state_code": "PA",
    "country_id": 31,
    "country_code": "BR",
    "latitude": "-5.23295000",
    "longitude": "-49.94952000",
    "native": null,
    "timezone": null,
    "translations": {}
  },
  {
    "id": 12519,
    "name": "Jacareacanga",
    "state_id": 2009,
    "state_code": "PA",
    "country_id": 31,
    "country_code": "BR",
    "latitude": "-6.22222000",
    "longitude": "-57.75278000",
    "native": null,
    "timezone": null,
    "translations": {}
  },
  {
    "id": 12530,
    "name": "Jacundá",
    "state_id": 2009,
    "state_code": "PA",
    "country_id": 31,
    "country_code": "BR",
    "latitude": "-4.56883000",
    "longitude": "-49.22284000",
    "native": null,
    "timezone": null,
    "translations": {}
  },
  {
    "id": 12702,
    "name": "Juruti",
    "state_id": 2009,
    "state_code": "PA",
    "country_id": 31,
    "country_code": "BR",
    "latitude": "-2.33065000",
    "longitude": "-56.02742000",
    "native": null,
    "timezone": null,
    "translations": {}
  },
  {
    "id": 12833,
    "name": "Limoeiro do Ajuru",
    "state_id": 2009,
    "state_code": "PA",
    "country_id": 31,
    "country_code": "BR",
    "latitude": "-1.89647000",
    "longitude": "-49.51015000",
    "native": null,
    "timezone": null,
    "translations": {}
  },
  {
    "id": 13293,
    "name": "Mãe do Rio",
    "state_id": 2009,
    "state_code": "PA",
    "country_id": 31,
    "country_code": "BR",
    "latitude": "-1.98328000",
    "longitude": "-47.51572000",
    "native": null,
    "timezone": null,
    "translations": {}
  },
  {
    "id": 12911,
    "name": "Magalhães Barata",
    "state_id": 2009,
    "state_code": "PA",
    "country_id": 31,
    "country_code": "BR",
    "latitude": "-0.81838000",
    "longitude": "-47.62990000",
    "native": null,
    "timezone": null,
    "translations": {}
  },
  {
    "id": 12964,
    "name": "Marabá",
    "state_id": 2009,
    "state_code": "PA",
    "country_id": 31,
    "country_code": "BR",
    "latitude": "-5.38146000",
    "longitude": "-49.13232000",
    "native": null,
    "timezone": null,
    "translations": {}
  },
  {
    "id": 12969,
    "name": "Maracanã",
    "state_id": 2009,
    "state_code": "PA",
    "country_id": 31,
    "country_code": "BR",
    "latitude": "-0.75819000",
    "longitude": "-47.48755000",
    "native": null,
    "timezone": null,
    "translations": {}
  },
  {
    "id": 12979,
    "name": "Marapanim",
    "state_id": 2009,
    "state_code": "PA",
    "country_id": 31,
    "country_code": "BR",
    "latitude": "-0.84063000",
    "longitude": "-47.70897000",
    "native": null,
    "timezone": null,
    "translations": {}
  },
  {
    "id": 13022,
    "name": "Marituba",
    "state_id": 2009,
    "state_code": "PA",
    "country_id": 31,
    "country_code": "BR",
    "latitude": "-1.37399000",
    "longitude": "-48.31420000",
    "native": null,
    "timezone": null,
    "translations": {}
  },
  {
    "id": 13093,
    "name": "Medicilândia",
    "state_id": 2009,
    "state_code": "PA",
    "country_id": 31,
    "country_code": "BR",
    "latitude": "-3.15674000",
    "longitude": "-53.17769000",
    "native": null,
    "timezone": null,
    "translations": {}
  },
  {
    "id": 13096,
    "name": "Melgaço",
    "state_id": 2009,
    "state_code": "PA",
    "country_id": 31,
    "country_code": "BR",
    "latitude": "-1.66163000",
    "longitude": "-51.05884000",
    "native": null,
    "timezone": null,
    "translations": {}
  },
  {
    "id": 13159,
    "name": "Mocajuba",
    "state_id": 2009,
    "state_code": "PA",
    "country_id": 31,
    "country_code": "BR",
    "latitude": "-2.58417000",
    "longitude": "-49.50722000",
    "native": null,
    "timezone": null,
    "translations": {}
  },
  {
    "id": 13170,
    "name": "Moju",
    "state_id": 2009,
    "state_code": "PA",
    "country_id": 31,
    "country_code": "BR",
    "latitude": "-1.88389000",
    "longitude": "-48.76889000",
    "native": null,
    "timezone": null,
    "translations": {}
  },
  {
    "id": 13171,
    "name": "Mojuí Dos Campos",
    "state_id": 2009,
    "state_code": "PA",
    "country_id": 31,
    "country_code": "BR",
    "latitude": "-3.07044000",
    "longitude": "-54.57515000",
    "native": null,
    "timezone": null,
    "translations": {}
  },
  {
    "id": 13187,
    "name": "Monte Alegre",
    "state_id": 2009,
    "state_code": "PA",
    "country_id": 31,
    "country_code": "BR",
    "latitude": "-2.00082000",
    "longitude": "-54.08102000",
    "native": null,
    "timezone": null,
    "translations": {}
  },
  {
    "id": 13259,
    "name": "Muaná",
    "state_id": 2009,
    "state_code": "PA",
    "country_id": 31,
    "country_code": "BR",
    "latitude": "-1.52833000",
    "longitude": "-49.21667000",
    "native": null,
    "timezone": null,
    "translations": {}
  },
  {
    "id": 13375,
    "name": "Nova Esperança do Piriá",
    "state_id": 2009,
    "state_code": "PA",
    "country_id": 31,
    "country_code": "BR",
    "latitude": "-2.45364000",
    "longitude": "-46.97384000",
    "native": null,
    "timezone": null,
    "translations": {}
  },
  {
    "id": 13393,
    "name": "Nova Ipixuna",
    "state_id": 2009,
    "state_code": "PA",
    "country_id": 31,
    "country_code": "BR",
    "latitude": "-4.98779000",
    "longitude": "-49.19861000",
    "native": null,
    "timezone": null,
    "translations": {}
  },
  {
    "id": 13439,
    "name": "Nova Timboteua",
    "state_id": 2009,
    "state_code": "PA",
    "country_id": 31,
    "country_code": "BR",
    "latitude": "-1.12059000",
    "longitude": "-47.42089000",
    "native": null,
    "timezone": null,
    "translations": {}
  },
  {
    "id": 13475,
    "name": "Novo Progresso",
    "state_id": 2009,
    "state_code": "PA",
    "country_id": 31,
    "country_code": "BR",
    "latitude": "-7.75396000",
    "longitude": "-55.51343000",
    "native": null,
    "timezone": null,
    "translations": {}
  },
  {
    "id": 13476,
    "name": "Novo Repartimento",
    "state_id": 2009,
    "state_code": "PA",
    "country_id": 31,
    "country_code": "BR",
    "latitude": "-4.70032000",
    "longitude": "-50.52220000",
    "native": null,
    "timezone": null,
    "translations": {}
  },
  {
    "id": 15683,
    "name": "Óbidos",
    "state_id": 2009,
    "state_code": "PA",
    "country_id": 31,
    "country_code": "BR",
    "latitude": "0.13240000",
    "longitude": "-55.82386000",
    "native": null,
    "timezone": null,
    "translations": {}
  },
  {
    "id": 13491,
    "name": "Oeiras do Pará",
    "state_id": 2009,
    "state_code": "PA",
    "country_id": 31,
    "country_code": "BR",
    "latitude": "-2.00306000",
    "longitude": "-49.85444000",
    "native": null,
    "timezone": null,
    "translations": {}
  },
  {
    "id": 13518,
    "name": "Oriximiná",
    "state_id": 2009,
    "state_code": "PA",
    "country_id": 31,
    "country_code": "BR",
    "latitude": "-1.76556000",
    "longitude": "-55.86611000",
    "native": null,
    "timezone": null,
    "translations": {}
  },
  {
    "id": 13552,
    "name": "Ourém",
    "state_id": 2009,
    "state_code": "PA",
    "country_id": 31,
    "country_code": "BR",
    "latitude": "-1.55194000",
    "longitude": "-47.11444000",
    "native": null,
    "timezone": null,
    "translations": {}
  },
  {
    "id": 13533,
    "name": "Ourilândia do Norte",
    "state_id": 2009,
    "state_code": "PA",
    "country_id": 31,
    "country_code": "BR",
    "latitude": "-7.59565000",
    "longitude": "-51.43201000",
    "native": null,
    "timezone": null,
    "translations": {}
  },
  {
    "id": 13556,
    "name": "Pacajá",
    "state_id": 2009,
    "state_code": "PA",
    "country_id": 31,
    "country_code": "BR",
    "latitude": "-3.70172000",
    "longitude": "-50.77844000",
    "native": null,
    "timezone": null,
    "translations": {}
  },
  {
    "id": 13578,
    "name": "Palestina do Pará",
    "state_id": 2009,
    "state_code": "PA",
    "country_id": 31,
    "country_code": "BR",
    "latitude": "-5.97518000",
    "longitude": "-48.38544000",
    "native": null,
    "timezone": null,
    "translations": {}
  },
  {
    "id": 13626,
    "name": "Paragominas",
    "state_id": 2009,
    "state_code": "PA",
    "country_id": 31,
    "country_code": "BR",
    "latitude": "-2.96667000",
    "longitude": "-47.48333000",
    "native": null,
    "timezone": null,
    "translations": {}
  },
  {
    "id": 13655,
    "name": "Parauapebas",
    "state_id": 2009,
    "state_code": "PA",
    "country_id": 31,
    "country_code": "BR",
    "latitude": "-6.18558000",
    "longitude": "-50.55474000",
    "native": null,
    "timezone": null,
    "translations": {}
  },
  {
    "id": 13717,
    "name": "Pau d'Arco",
    "state_id": 2009,
    "state_code": "PA",
    "country_id": 31,
    "country_code": "BR",
    "latitude": "-7.73913000",
    "longitude": "-50.14638000",
    "native": null,
    "timezone": null,
    "translations": {}
  },
  {
    "id": 13788,
    "name": "Peixe-Boi",
    "state_id": 2009,
    "state_code": "PA",
    "country_id": 31,
    "country_code": "BR",
    "latitude": "-1.10168000",
    "longitude": "-47.27259000",
    "native": null,
    "timezone": null,
    "translations": {}
  },
  {
    "id": 13929,
    "name": "Piçarra",
    "state_id": 2009,
    "state_code": "PA",
    "country_id": 31,
    "country_code": "BR",
    "latitude": "-6.47338000",
    "longitude": "-48.95039000",
    "native": null,
    "timezone": null,
    "translations": {}
  },
  {
    "id": 13932,
    "name": "Placas",
    "state_id": 2009,
    "state_code": "PA",
    "country_id": 31,
    "country_code": "BR",
    "latitude": "-3.97715000",
    "longitude": "-54.52418000",
    "native": null,
    "timezone": null,
    "translations": {}
  },
  {
    "id": 13959,
    "name": "Ponta de Pedras",
    "state_id": 2009,
    "state_code": "PA",
    "country_id": 31,
    "country_code": "BR",
    "latitude": "-1.05304000",
    "longitude": "-49.15491000",
    "native": null,
    "timezone": null,
    "translations": {}
  },
  {
    "id": 13990,
    "name": "Portel",
    "state_id": 2009,
    "state_code": "PA",
    "country_id": 31,
    "country_code": "BR",
    "latitude": "-1.93556000",
    "longitude": "-50.82111000",
    "native": null,
    "timezone": null,
    "translations": {}
  },
  {
    "id": 14025,
    "name": "Porto de Moz",
    "state_id": 2009,
    "state_code": "PA",
    "country_id": 31,
    "country_code": "BR",
    "latitude": "-1.74833000",
    "longitude": "-52.23833000",
    "native": null,
    "timezone": null,
    "translations": {}
  },
  {
    "id": 14066,
    "name": "Prainha",
    "state_id": 2009,
    "state_code": "PA",
    "country_id": 31,
    "country_code": "BR",
    "latitude": "-2.20147000",
    "longitude": "-53.49329000",
    "native": null,
    "timezone": null,
    "translations": {}
  },
  {
    "id": 14100,
    "name": "Primavera",
    "state_id": 2009,
    "state_code": "PA",
    "country_id": 31,
    "country_code": "BR",
    "latitude": "-0.94947000",
    "longitude": "-47.11040000",
    "native": null,
    "timezone": null,
    "translations": {}
  },
  {
    "id": 14130,
    "name": "Quatipuru",
    "state_id": 2009,
    "state_code": "PA",
    "country_id": 31,
    "country_code": "BR",
    "latitude": "-0.82554000",
    "longitude": "-47.01043000",
    "native": null,
    "timezone": null,
    "translations": {}
  },
  {
    "id": 14184,
    "name": "Redenção",
    "state_id": 2009,
    "state_code": "PA",
    "country_id": 31,
    "country_code": "BR",
    "latitude": "-8.06010000",
    "longitude": "-50.18116000",
    "native": null,
    "timezone": null,
    "translations": {}
  },
  {
    "id": 14281,
    "name": "Rio Maria",
    "state_id": 2009,
    "state_code": "PA",
    "country_id": 31,
    "country_code": "BR",
    "latitude": "-7.40968000",
    "longitude": "-49.82886000",
    "native": null,
    "timezone": null,
    "translations": {}
  },
  {
    "id": 14345,
    "name": "Rondon do Pará",
    "state_id": 2009,
    "state_code": "PA",
    "country_id": 31,
    "country_code": "BR",
    "latitude": "-4.43977000",
    "longitude": "-48.59233000",
    "native": null,
    "timezone": null,
    "translations": {}
  },
  {
    "id": 14362,
    "name": "Rurópolis",
    "state_id": 2009,
    "state_code": "PA",
    "country_id": 31,
    "country_code": "BR",
    "latitude": "-4.18795000",
    "longitude": "-55.18406000",
    "native": null,
    "timezone": null,
    "translations": {}
  },
  {
    "id": 14389,
    "name": "Salinópolis",
    "state_id": 2009,
    "state_code": "PA",
    "country_id": 31,
    "country_code": "BR",
    "latitude": "-0.61361000",
    "longitude": "-47.35611000",
    "native": null,
    "timezone": null,
    "translations": {}
  },
  {
    "id": 14407,
    "name": "Salvaterra",
    "state_id": 2009,
    "state_code": "PA",
    "country_id": 31,
    "country_code": "BR",
    "latitude": "-0.78848000",
    "longitude": "-48.61953000",
    "native": null,
    "timezone": null,
    "translations": {}
  },
  {
    "id": 14428,
    "name": "Santa Bárbara do Pará",
    "state_id": 2009,
    "state_code": "PA",
    "country_id": 31,
    "country_code": "BR",
    "latitude": "-1.19832000",
    "longitude": "-48.25095000",
    "native": null,
    "timezone": null,
    "translations": {}
  },
  {
    "id": 14451,
    "name": "Santa Cruz do Arari",
    "state_id": 2009,
    "state_code": "PA",
    "country_id": 31,
    "country_code": "BR",
    "latitude": "-0.59603000",
    "longitude": "-49.29289000",
    "native": null,
    "timezone": null,
    "translations": {}
  },
  {
    "id": 14485,
    "name": "Santa Isabel do Pará",
    "state_id": 2009,
    "state_code": "PA",
    "country_id": 31,
    "country_code": "BR",
    "latitude": "-1.37975000",
    "longitude": "-48.12221000",
    "native": null,
    "timezone": null,
    "translations": {}
  },
  {
    "id": 14497,
    "name": "Santa Luzia do Pará",
    "state_id": 2009,
    "state_code": "PA",
    "country_id": 31,
    "country_code": "BR",
    "latitude": "-1.65750000",
    "longitude": "-46.92715000",
    "native": null,
    "timezone": null,
    "translations": {}
  },
  {
    "id": 14508,
    "name": "Santa Maria das Barreiras",
    "state_id": 2009,
    "state_code": "PA",
    "country_id": 31,
    "country_code": "BR",
    "latitude": "-8.63667000",
    "longitude": "-50.26578000",
    "native": null,
    "timezone": null,
    "translations": {}
  },
  {
    "id": 14514,
    "name": "Santa Maria do Pará",
    "state_id": 2009,
    "state_code": "PA",
    "country_id": 31,
    "country_code": "BR",
    "latitude": "-1.35028000",
    "longitude": "-47.57556000",
    "native": null,
    "timezone": null,
    "translations": {}
  },
  {
    "id": 14578,
    "name": "Santana do Araguaia",
    "state_id": 2009,
    "state_code": "PA",
    "country_id": 31,
    "country_code": "BR",
    "latitude": "-9.13867000",
    "longitude": "-50.67300000",
    "native": null,
    "timezone": null,
    "translations": {}
  },
  {
    "id": 14598,
    "name": "Santarém",
    "state_id": 2009,
    "state_code": "PA",
    "country_id": 31,
    "country_code": "BR",
    "latitude": "-2.44306000",
    "longitude": "-54.70833000",
    "native": null,
    "timezone": null,
    "translations": {}
  },
  {
    "id": 14599,
    "name": "Santarém Novo",
    "state_id": 2009,
    "state_code": "PA",
    "country_id": 31,
    "country_code": "BR",
    "latitude": "-0.88782000",
    "longitude": "-47.36301000",
    "native": null,
    "timezone": null,
    "translations": {}
  },
  {
    "id": 14641,
    "name": "Santo Antônio do Tauá",
    "state_id": 2009,
    "state_code": "PA",
    "country_id": 31,
    "country_code": "BR",
    "latitude": "-1.15194000",
    "longitude": "-48.12944000",
    "native": null,
    "timezone": null,
    "translations": {}
  },
  {
    "id": 14852,
    "name": "São Caetano de Odivelas",
    "state_id": 2009,
    "state_code": "PA",
    "country_id": 31,
    "country_code": "BR",
    "latitude": "-0.75000000",
    "longitude": "-48.02000000",
    "native": null,
    "timezone": null,
    "translations": {}
  },
  {
    "id": 14867,
    "name": "São Domingos do Araguaia",
    "state_id": 2009,
    "state_code": "PA",
    "country_id": 31,
    "country_code": "BR",
    "latitude": "-5.71930000",
    "longitude": "-48.72755000",
    "native": null,
    "timezone": null,
    "translations": {}
  },
  {
    "id": 14869,
    "name": "São Domingos do Capim",
    "state_id": 2009,
    "state_code": "PA",
    "country_id": 31,
    "country_code": "BR",
    "latitude": "-1.87163000",
    "longitude": "-47.77837000",
    "native": null,
    "timezone": null,
    "translations": {}
  },
  {
    "id": 14906,
    "name": "São Félix do Xingu",
    "state_id": 2009,
    "state_code": "PA",
    "country_id": 31,
    "country_code": "BR",
    "latitude": "-6.64472000",
    "longitude": "-51.99500000",
    "native": null,
    "timezone": null,
    "translations": {}
  },
  {
    "id": 14896,
    "name": "São Francisco do Pará",
    "state_id": 2009,
    "state_code": "PA",
    "country_id": 31,
    "country_code": "BR",
    "latitude": "-1.14641000",
    "longitude": "-47.75713000",
    "native": null,
    "timezone": null,
    "translations": {}
  },
  {
    "id": 14914,
    "name": "São Geraldo do Araguaia",
    "state_id": 2009,
    "state_code": "PA",
    "country_id": 31,
    "country_code": "BR",
    "latitude": "-6.40056000",
    "longitude": "-48.55500000",
    "native": null,
    "timezone": null,
    "translations": {}
  },
  {
    "id": 15013,
    "name": "São João da Ponta",
    "state_id": 2009,
    "state_code": "PA",
    "country_id": 31,
    "country_code": "BR",
    "latitude": "-0.85361000",
    "longitude": "-47.97803000",
    "native": null,
    "timezone": null,
    "translations": {}
  },
  {
    "id": 15022,
    "name": "São João de Pirabas",
    "state_id": 2009,
    "state_code": "PA",
    "country_id": 31,
    "country_code": "BR",
    "latitude": "-0.77472000",
    "longitude": "-47.17722000",
    "native": null,
    "timezone": null,
    "translations": {}
  },
  {
    "id": 15024,
    "name": "São João do Araguaia",
    "state_id": 2009,
    "state_code": "PA",
    "country_id": 31,
    "country_code": "BR",
    "latitude": "-5.44300000",
    "longitude": "-48.74932000",
    "native": null,
    "timezone": null,
    "translations": {}
  },
  {
    "id": 15090,
    "name": "São Miguel do Guamá",
    "state_id": 2009,
    "state_code": "PA",
    "country_id": 31,
    "country_code": "BR",
    "latitude": "-1.62667000",
    "longitude": "-47.48333000",
    "native": null,
    "timezone": null,
    "translations": {}
  },
  {
    "id": 15139,
    "name": "São Sebastião da Boa Vista",
    "state_id": 2009,
    "state_code": "PA",
    "country_id": 31,
    "country_code": "BR",
    "latitude": "-1.47873000",
    "longitude": "-49.62629000",
    "native": null,
    "timezone": null,
    "translations": {}
  },
  {
    "id": 14661,
    "name": "Sapucaia",
    "state_id": 2009,
    "state_code": "PA",
    "country_id": 31,
    "country_code": "BR",
    "latitude": "-6.84790000",
    "longitude": "-49.50056000",
    "native": null,
    "timezone": null,
    "translations": {}
  },
  {
    "id": 14702,
    "name": "Senador José Porfírio",
    "state_id": 2009,
    "state_code": "PA",
    "country_id": 31,
    "country_code": "BR",
    "latitude": "-2.59083000",
    "longitude": "-51.95417000",
    "native": null,
    "timezone": null,
    "translations": {}
  },
  {
    "id": 14814,
    "name": "Soure",
    "state_id": 2009,
    "state_code": "PA",
    "country_id": 31,
    "country_code": "BR",
    "latitude": "-0.71667000",
    "longitude": "-48.52333000",
    "native": null,
    "timezone": null,
    "translations": {}
  },
  {
    "id": 15201,
    "name": "Tailândia",
    "state_id": 2009,
    "state_code": "PA",
    "country_id": 31,
    "country_code": "BR",
    "latitude": "-2.87235000",
    "longitude": "-48.75748000",
    "native": null,
    "timezone": null,
    "translations": {}
  },
  {
    "id": 15289,
    "name": "Terra Alta",
    "state_id": 2009,
    "state_code": "PA",
    "country_id": 31,
    "country_code": "BR",
    "latitude": "-0.99306000",
    "longitude": "-47.84447000",
    "native": null,
    "timezone": null,
    "translations": {}
  },
  {
    "id": 15297,
    "name": "Terra Santa",
    "state_id": 2009,
    "state_code": "PA",
    "country_id": 31,
    "country_code": "BR",
    "latitude": "-2.10417000",
    "longitude": "-56.48694000",
    "native": null,
    "timezone": null,
    "translations": {}
  },
  {
    "id": 15334,
    "name": "Tomé Açu",
    "state_id": 2009,
    "state_code": "PA",
    "country_id": 31,
    "country_code": "BR",
    "latitude": "-2.41889000",
    "longitude": "-48.15222000",
    "native": null,
    "timezone": null,
    "translations": {}
  },
  {
    "id": 15345,
    "name": "Tracuateua",
    "state_id": 2009,
    "state_code": "PA",
    "country_id": 31,
    "country_code": "BR",
    "latitude": "-0.98894000",
    "longitude": "-46.93973000",
    "native": null,
    "timezone": null,
    "translations": {}
  },
  {
    "id": 15349,
    "name": "Trairão",
    "state_id": 2009,
    "state_code": "PA",
    "country_id": 31,
    "country_code": "BR",
    "latitude": "-5.10250000",
    "longitude": "-55.95821000",
    "native": null,
    "timezone": null,
    "translations": {}
  },
  {
    "id": 15387,
    "name": "Tucumã",
    "state_id": 2009,
    "state_code": "PA",
    "country_id": 31,
    "country_code": "BR",
    "latitude": "-6.83470000",
    "longitude": "-51.44562000",
    "native": null,
    "timezone": null,
    "translations": {}
  },
  {
    "id": 15389,
    "name": "Tucuruí",
    "state_id": 2009,
    "state_code": "PA",
    "country_id": 31,
    "country_code": "BR",
    "latitude": "-3.76585000",
    "longitude": "-49.67923000",
    "native": null,
    "timezone": null,
    "translations": {}
  },
  {
    "id": 15443,
    "name": "Ulianópolis",
    "state_id": 2009,
    "state_code": "PA",
    "country_id": 31,
    "country_code": "BR",
    "latitude": "-3.81225000",
    "longitude": "-47.50094000",
    "native": null,
    "timezone": null,
    "translations": {}
  },
  {
    "id": 15471,
    "name": "Uruará",
    "state_id": 2009,
    "state_code": "PA",
    "country_id": 31,
    "country_code": "BR",
    "latitude": "-3.63212000",
    "longitude": "-53.78023000",
    "native": null,
    "timezone": null,
    "translations": {}
  },
  {
    "id": 15564,
    "name": "Vigia",
    "state_id": 2009,
    "state_code": "PA",
    "country_id": 31,
    "country_code": "BR",
    "latitude": "-0.85833000",
    "longitude": "-48.14167000",
    "native": null,
    "timezone": null,
    "translations": {}
  },
  {
    "id": 15588,
    "name": "Viseu",
    "state_id": 2009,
    "state_code": "PA",
    "country_id": 31,
    "country_code": "BR",
    "latitude": "-1.19667000",
    "longitude": "-46.14000000",
    "native": null,
    "timezone": null,
    "translations": {}
  },
  {
    "id": 15604,
    "name": "Vitória do Xingu",
    "state_id": 2009,
    "state_code": "PA",
    "country_id": 31,
    "country_code": "BR",
    "latitude": "-3.22032000",
    "longitude": "-51.88508000",
    "native": null,
    "timezone": null,
    "translations": {}
  },
  {
    "id": 15641,
    "name": "Xinguara",
    "state_id": 2009,
    "state_code": "PA",
    "country_id": 31,
    "country_code": "BR",
    "latitude": "-6.84897000",
    "longitude": "-49.25573000",
    "native": null,
    "timezone": null,
    "translations": {}
  }
]