[
  {
    "id": 5134,
    "name": "Adjuntas",
    "country_id": 178,
    "country_code": "PR",
    "fips_code": null,
    "iso2": "001",
    "type": "municipality",
    "latitude": "18.16348480",
    "longitude": "-66.72315800",
    "native": "Adjuntas",
    "timezone": "America/Puerto_Rico",
    "translations": {}
  },
  {
    "id": 5135,
    "name": "Aguada",
    "country_id": 178,
    "country_code": "PR",
    "fips_code": null,
    "iso2": "003",
    "type": "municipality",
    "latitude": "18.38015790",
    "longitude": "-67.18870400",
    "native": "Aguada",
    "timezone": "America/Puerto_Rico",
    "translations": {}
  },
  {
    "id": 5136,
    "name": "Aguadilla",
    "country_id": 178,
    "country_code": "PR",
    "fips_code": null,
    "iso2": "005",
    "type": "municipality",
    "latitude": "18.44965510",
    "longitude": "-67.11847640",
    "native": "Aguadilla",
    "timezone": "America/Puerto_Rico",
    "translations": {}
  },
  {
    "id": 5137,
    "name": "Aguas Buenas",
    "country_id": 178,
    "country_code": "PR",
    "fips_code": null,
    "iso2": "007",
    "type": "municipality",
    "latitude": "18.25689890",
    "longitude": "-66.10294420",
    "native": "Aguas Buenas",
    "timezone": "America/Puerto_Rico",
    "translations": {}
  },
  {
    "id": 5138,
    "name": "Aibonito",
    "country_id": 178,
    "country_code": "PR",
    "fips_code": null,
    "iso2": "009",
    "type": "municipality",
    "latitude": "18.12814720",
    "longitude": "-66.26924410",
    "native": "Aibonito",
    "timezone": "America/Puerto_Rico",
    "translations": {}
  },
  {
    "id": 5139,
    "name": "Añasco",
    "country_id": 178,
    "country_code": "PR",
    "fips_code": null,
    "iso2": "011",
    "type": "municipality",
    "latitude": "18.28544760",
    "longitude": "-67.14029350",
    "native": "Añasco",
    "timezone": "America/Puerto_Rico",
    "translations": {}
  },
  {
    "id": 5140,
    "name": "Arecibo",
    "country_id": 178,
    "country_code": "PR",
    "fips_code": null,
    "iso2": "013",
    "type": "municipality",
    "latitude": "18.47051370",
    "longitude": "-66.72184720",
    "native": "Arecibo",
    "timezone": "America/Puerto_Rico",
    "translations": {}
  },
  {
    "id": 5081,
    "name": "Arecibo",
    "country_id": 178,
    "country_code": "PR",
    "fips_code": null,
    "iso2": "AR",
    "type": "region",
    "latitude": "18.47055556",
    "longitude": "-66.72083333",
    "native": "Arecibo",
    "timezone": "America/Puerto_Rico",
    "translations": {}
  },
  {
    "id": 5141,
    "name": "Arroyo",
    "country_id": 178,
    "country_code": "PR",
    "fips_code": null,
    "iso2": "015",
    "type": "municipality",
    "latitude": "17.99619930",
    "longitude": "-66.05316830",
    "native": "Cauce seco de un río",
    "timezone": "America/Puerto_Rico",
    "translations": {}
  },
  {
    "id": 5142,
    "name": "Barceloneta",
    "country_id": 178,
    "country_code": "PR",
    "fips_code": null,
    "iso2": "017",
    "type": "municipality",
    "latitude": "18.45466390",
    "longitude": "-66.53868770",
    "native": "Barceloneta",
    "timezone": "America/Puerto_Rico",
    "translations": {}
  },
  {
    "id": 5143,
    "name": "Barranquitas",
    "country_id": 178,
    "country_code": "PR",
    "fips_code": null,
    "iso2": "019",
    "type": "municipality",
    "latitude": "18.18662420",
    "longitude": "-66.30628020",
    "native": "Barranquita",
    "timezone": "America/Puerto_Rico",
    "translations": {}
  },
  {
    "id": 5076,
    "name": "Bayamon",
    "country_id": 178,
    "country_code": "PR",
    "fips_code": null,
    "iso2": "BY",
    "type": "region",
    "latitude": "18.34495820",
    "longitude": "-66.16837400",
    "native": "Bayamon",
    "timezone": "America/Puerto_Rico",
    "translations": {}
  },
  {
    "id": 5144,
    "name": "Bayamón",
    "country_id": 178,
    "country_code": "PR",
    "fips_code": null,
    "iso2": "021",
    "type": "municipality",
    "latitude": "18.39905510",
    "longitude": "-66.15603260",
    "native": "Bayamón",
    "timezone": "America/Puerto_Rico",
    "translations": {}
  },
  {
    "id": 5145,
    "name": "Cabo Rojo",
    "country_id": 178,
    "country_code": "PR",
    "fips_code": null,
    "iso2": "023",
    "type": "municipality",
    "latitude": "18.08662650",
    "longitude": "-67.14573470",
    "native": "Cabo Rojo",
    "timezone": "America/Puerto_Rico",
    "translations": {}
  },
  {
    "id": 5079,
    "name": "Caguas",
    "country_id": 178,
    "country_code": "PR",
    "fips_code": null,
    "iso2": "CG",
    "type": "region",
    "latitude": "18.23333333",
    "longitude": "-66.03333333",
    "native": "Caguas",
    "timezone": "America/Puerto_Rico",
    "translations": {}
  },
  {
    "id": 5146,
    "name": "Caguas",
    "country_id": 178,
    "country_code": "PR",
    "fips_code": null,
    "iso2": "025",
    "type": "municipality",
    "latitude": "18.23879950",
    "longitude": "-66.03524900",
    "native": "Caguas",
    "timezone": "America/Puerto_Rico",
    "translations": {}
  },
  {
    "id": 5147,
    "name": "Camuy",
    "country_id": 178,
    "country_code": "PR",
    "fips_code": null,
    "iso2": "027",
    "type": "municipality",
    "latitude": "18.48383300",
    "longitude": "-66.84489940",
    "native": "Camuleta",
    "timezone": "America/Puerto_Rico",
    "translations": {}
  },
  {
    "id": 5148,
    "name": "Canóvanas",
    "country_id": 178,
    "country_code": "PR",
    "fips_code": null,
    "iso2": "029",
    "type": "municipality",
    "latitude": "18.37487480",
    "longitude": "-65.89975330",
    "native": "Canóvanas",
    "timezone": "America/Puerto_Rico",
    "translations": {}
  },
  {
    "id": 5077,
    "name": "Carolina",
    "country_id": 178,
    "country_code": "PR",
    "fips_code": null,
    "iso2": "CL",
    "type": "region",
    "latitude": "18.38085160",
    "longitude": "-65.95702440",
    "native": "Carolina",
    "timezone": "America/Puerto_Rico",
    "translations": {}
  },
  {
    "id": 5149,
    "name": "Carolina",
    "country_id": 178,
    "country_code": "PR",
    "fips_code": null,
    "iso2": "031",
    "type": "municipality",
    "latitude": "18.38085160",
    "longitude": "-65.95702440",
    "native": "Carolina",
    "timezone": "America/Puerto_Rico",
    "translations": {}
  },
  {
    "id": 5150,
    "name": "Cataño",
    "country_id": 178,
    "country_code": "PR",
    "fips_code": null,
    "iso2": "033",
    "type": "municipality",
    "latitude": "18.44653550",
    "longitude": "-66.13557750",
    "native": "Cataño",
    "timezone": "America/Puerto_Rico",
    "translations": {}
  },
  {
    "id": 5151,
    "name": "Cayey",
    "country_id": 178,
    "country_code": "PR",
    "fips_code": null,
    "iso2": "035",
    "type": "municipality",
    "latitude": "18.11190510",
    "longitude": "-66.16600000",
    "native": "Cayey",
    "timezone": "America/Puerto_Rico",
    "translations": {}
  },
  {
    "id": 5152,
    "name": "Ceiba",
    "country_id": 178,
    "country_code": "PR",
    "fips_code": null,
    "iso2": "037",
    "type": "municipality",
    "latitude": "18.18771390",
    "longitude": "-65.89448400",
    "native": "Ceiba",
    "timezone": "America/Puerto_Rico",
    "translations": {}
  },
  {
    "id": 5153,
    "name": "Ciales",
    "country_id": 178,
    "country_code": "PR",
    "fips_code": null,
    "iso2": "039",
    "type": "municipality",
    "latitude": "18.33606220",
    "longitude": "-66.46878230",
    "native": "Ciales",
    "timezone": "America/Puerto_Rico",
    "translations": {}
  },
  {
    "id": 5154,
    "name": "Cidra",
    "country_id": 178,
    "country_code": "PR",
    "fips_code": null,
    "iso2": "041",
    "type": "municipality",
    "latitude": "18.17579140",
    "longitude": "-66.16127790",
    "native": "Trampas",
    "timezone": "America/Puerto_Rico",
    "translations": {}
  },
  {
    "id": 5155,
    "name": "Coamo",
    "country_id": 178,
    "country_code": "PR",
    "fips_code": null,
    "iso2": "043",
    "type": "municipality",
    "latitude": "18.07996160",
    "longitude": "-66.35794730",
    "native": "Coamo",
    "timezone": "America/Puerto_Rico",
    "translations": {}
  },
  {
    "id": 5156,
    "name": "Comerío",
    "country_id": 178,
    "country_code": "PR",
    "fips_code": null,
    "iso2": "045",
    "type": "municipality",
    "latitude": "18.21920010",
    "longitude": "-66.22560220",
    "native": "Comerío",
    "timezone": "America/Puerto_Rico",
    "translations": {}
  },
  {
    "id": 5157,
    "name": "Corozal",
    "country_id": 178,
    "country_code": "PR",
    "fips_code": null,
    "iso2": "047",
    "type": "municipality",
    "latitude": "18.30438780",
    "longitude": "-66.32891860",
    "native": "Corozal",
    "timezone": "America/Puerto_Rico",
    "translations": {}
  },
  {
    "id": 5158,
    "name": "Culebra",
    "country_id": 178,
    "country_code": "PR",
    "fips_code": null,
    "iso2": "049",
    "type": "municipality",
    "latitude": "18.31367760",
    "longitude": "-65.28262260",
    "native": "Culebra",
    "timezone": "America/Puerto_Rico",
    "translations": {}
  },
  {
    "id": 5159,
    "name": "Dorado",
    "country_id": 178,
    "country_code": "PR",
    "fips_code": null,
    "iso2": "051",
    "type": "municipality",
    "latitude": "18.45947660",
    "longitude": "-66.26188460",
    "native": "Dorado",
    "timezone": "America/Puerto_Rico",
    "translations": {}
  },
  {
    "id": 5160,
    "name": "Fajardo",
    "country_id": 178,
    "country_code": "PR",
    "fips_code": null,
    "iso2": "053",
    "type": "municipality",
    "latitude": "18.32521480",
    "longitude": "-65.65393560",
    "native": "Fajardo",
    "timezone": "America/Puerto_Rico",
    "translations": {}
  },
  {
    "id": 5161,
    "name": "Florida",
    "country_id": 178,
    "country_code": "PR",
    "fips_code": null,
    "iso2": "054",
    "type": "municipality",
    "latitude": "18.36297720",
    "longitude": "-66.56699610",
    "native": "Florida",
    "timezone": "America/Puerto_Rico",
    "translations": {}
  },
  {
    "id": 5162,
    "name": "Guánica",
    "country_id": 178,
    "country_code": "PR",
    "fips_code": null,
    "iso2": "055",
    "type": "municipality",
    "latitude": "17.97251450",
    "longitude": "-66.90862640",
    "native": "Guánica",
    "timezone": "America/Puerto_Rico",
    "translations": {}
  },
  {
    "id": 5163,
    "name": "Guayama",
    "country_id": 178,
    "country_code": "PR",
    "fips_code": null,
    "iso2": "057",
    "type": "municipality",
    "latitude": "17.98413280",
    "longitude": "-66.11377670",
    "native": "Guayama",
    "timezone": "America/Puerto_Rico",
    "translations": {}
  },
  {
    "id": 5164,
    "name": "Guayanilla",
    "country_id": 178,
    "country_code": "PR",
    "fips_code": null,
    "iso2": "059",
    "type": "municipality",
    "latitude": "18.01913140",
    "longitude": "-66.79184200",
    "native": "Guayanilla",
    "timezone": "America/Puerto_Rico",
    "translations": {}
  },
  {
    "id": 5080,
    "name": "Guaynabo",
    "country_id": 178,
    "country_code": "PR",
    "fips_code": null,
    "iso2": "GN",
    "type": "region",
    "latitude": "18.35915960",
    "longitude": "-66.11568020",
    "native": "Guaynabo",
    "timezone": "America/Puerto_Rico",
    "translations": {}
  },
  {
    "id": 5165,
    "name": "Guaynabo",
    "country_id": 178,
    "country_code": "PR",
    "fips_code": null,
    "iso2": "061",
    "type": "municipality",
    "latitude": "18.35915960",
    "longitude": "-66.11568020",
    "native": "Guaynabo",
    "timezone": "America/Puerto_Rico",
    "translations": {}
  },
  {
    "id": 5166,
    "name": "Gurabo",
    "country_id": 178,
    "country_code": "PR",
    "fips_code": null,
    "iso2": "063",
    "type": "municipality",
    "latitude": "18.25439870",
    "longitude": "-65.97294210",
    "native": "Gurabo",
    "timezone": "America/Puerto_Rico",
    "translations": {}
  },
  {
    "id": 5167,
    "name": "Hatillo",
    "country_id": 178,
    "country_code": "PR",
    "fips_code": null,
    "iso2": "065",
    "type": "municipality",
    "latitude": "18.40715890",
    "longitude": "-66.79592870",
    "native": "Hatillo",
    "timezone": "America/Puerto_Rico",
    "translations": {}
  },
  {
    "id": 5168,
    "name": "Hormigueros",
    "country_id": 178,
    "country_code": "PR",
    "fips_code": null,
    "iso2": "067",
    "type": "municipality",
    "latitude": "18.13346380",
    "longitude": "-67.11281230",
    "native": "Hormigueros",
    "timezone": "America/Puerto_Rico",
    "translations": {}
  },
  {
    "id": 5169,
    "name": "Humacao",
    "country_id": 178,
    "country_code": "PR",
    "fips_code": null,
    "iso2": "069",
    "type": "municipality",
    "latitude": "18.15157360",
    "longitude": "-65.82485290",
    "native": "Humacao",
    "timezone": "America/Puerto_Rico",
    "translations": {}
  },
  {
    "id": 5170,
    "name": "Isabela",
    "country_id": 178,
    "country_code": "PR",
    "fips_code": null,
    "iso2": "071",
    "type": "municipality",
    "latitude": "18.50075360",
    "longitude": "-67.02374220",
    "native": "Isabela",
    "timezone": "America/Puerto_Rico",
    "translations": {}
  },
  {
    "id": 5171,
    "name": "Jayuya",
    "country_id": 178,
    "country_code": "PR",
    "fips_code": null,
    "iso2": "073",
    "type": "municipality",
    "latitude": "18.21856740",
    "longitude": "-66.59156170",
    "native": "Jayuya",
    "timezone": "America/Puerto_Rico",
    "translations": {}
  },
  {
    "id": 5172,
    "name": "Juana Díaz",
    "country_id": 178,
    "country_code": "PR",
    "fips_code": null,
    "iso2": "075",
    "type": "municipality",
    "latitude": "18.05343720",
    "longitude": "-66.50750790",
    "native": "Juana Díaz",
    "timezone": "America/Puerto_Rico",
    "translations": {}
  },
  {
    "id": 5173,
    "name": "Juncos",
    "country_id": 178,
    "country_code": "PR",
    "fips_code": null,
    "iso2": "077",
    "type": "municipality",
    "latitude": "18.22745580",
    "longitude": "-65.92099700",
    "native": "Juncos",
    "timezone": "America/Puerto_Rico",
    "translations": {}
  },
  {
    "id": 5174,
    "name": "Lajas",
    "country_id": 178,
    "country_code": "PR",
    "fips_code": null,
    "iso2": "079",
    "type": "municipality",
    "latitude": "18.04996200",
    "longitude": "-67.05934490",
    "native": "Lajas",
    "timezone": "America/Puerto_Rico",
    "translations": {}
  },
  {
    "id": 5175,
    "name": "Lares",
    "country_id": 178,
    "country_code": "PR",
    "fips_code": null,
    "iso2": "081",
    "type": "municipality",
    "latitude": "18.29486830",
    "longitude": "-66.87760450",
    "native": "Casas",
    "timezone": "America/Puerto_Rico",
    "translations": {}
  },
  {
    "id": 5176,
    "name": "Las Marías",
    "country_id": 178,
    "country_code": "PR",
    "fips_code": null,
    "iso2": "083",
    "type": "municipality",
    "latitude": "18.25224460",
    "longitude": "-66.99181330",
    "native": "Las Marías",
    "timezone": "America/Puerto_Rico",
    "translations": {}
  },
  {
    "id": 5177,
    "name": "Las Piedras",
    "country_id": 178,
    "country_code": "PR",
    "fips_code": null,
    "iso2": "085",
    "type": "municipality",
    "latitude": "18.18244450",
    "longitude": "-65.86467410",
    "native": "Las Piedras",
    "timezone": "America/Puerto_Rico",
    "translations": {}
  },
  {
    "id": 5178,
    "name": "Loíza",
    "country_id": 178,
    "country_code": "PR",
    "fips_code": null,
    "iso2": "087",
    "type": "municipality",
    "latitude": "18.43299040",
    "longitude": "-65.87836000",
    "native": "Flojo",
    "timezone": "America/Puerto_Rico",
    "translations": {}
  },
  {
    "id": 5179,
    "name": "Luquillo",
    "country_id": 178,
    "country_code": "PR",
    "fips_code": null,
    "iso2": "089",
    "type": "municipality",
    "latitude": "18.37245070",
    "longitude": "-65.71655110",
    "native": "Luquillo",
    "timezone": "America/Puerto_Rico",
    "translations": {}
  },
  {
    "id": 5180,
    "name": "Manatí",
    "country_id": 178,
    "country_code": "PR",
    "fips_code": null,
    "iso2": "091",
    "type": "municipality",
    "latitude": "18.41824670",
    "longitude": "-66.49178000",
    "native": "Manatí",
    "timezone": "America/Puerto_Rico",
    "translations": {}
  },
  {
    "id": 5181,
    "name": "Maricao",
    "country_id": 178,
    "country_code": "PR",
    "fips_code": null,
    "iso2": "093",
    "type": "municipality",
    "latitude": "18.18079020",
    "longitude": "-66.97990010",
    "native": "Maricao",
    "timezone": "America/Puerto_Rico",
    "translations": {}
  },
  {
    "id": 5182,
    "name": "Maunabo",
    "country_id": 178,
    "country_code": "PR",
    "fips_code": null,
    "iso2": "095",
    "type": "municipality",
    "latitude": "18.00718850",
    "longitude": "-65.89932890",
    "native": "Maunaloa, establecimiento",
    "timezone": "America/Puerto_Rico",
    "translations": {}
  },
  {
    "id": 5083,
    "name": "Mayagüez",
    "country_id": 178,
    "country_code": "PR",
    "fips_code": null,
    "iso2": "MG",
    "type": "region",
    "latitude": "18.20111111",
    "longitude": "-67.13972222",
    "native": "Mayagüez",
    "timezone": "America/Puerto_Rico",
    "translations": {}
  },
  {
    "id": 5183,
    "name": "Mayagüez",
    "country_id": 178,
    "country_code": "PR",
    "fips_code": null,
    "iso2": "097",
    "type": "municipality",
    "latitude": "18.20134520",
    "longitude": "-67.14515490",
    "native": "Mayagüez",
    "timezone": "America/Puerto_Rico",
    "translations": {}
  },
  {
    "id": 5184,
    "name": "Moca",
    "country_id": 178,
    "country_code": "PR",
    "fips_code": null,
    "iso2": "099",
    "type": "municipality",
    "latitude": "18.39475120",
    "longitude": "-67.11367900",
    "native": "Moca",
    "timezone": "America/Puerto_Rico",
    "translations": {}
  },
  {
    "id": 5185,
    "name": "Morovis",
    "country_id": 178,
    "country_code": "PR",
    "fips_code": null,
    "iso2": "101",
    "type": "municipality",
    "latitude": "18.32578500",
    "longitude": "-66.40655920",
    "native": "Morovis",
    "timezone": "America/Puerto_Rico",
    "translations": {}
  },
  {
    "id": 5186,
    "name": "Naguabo",
    "country_id": 178,
    "country_code": "PR",
    "fips_code": null,
    "iso2": "103",
    "type": "municipality",
    "latitude": "18.21162470",
    "longitude": "-65.73488410",
    "native": "Naguabo",
    "timezone": "America/Puerto_Rico",
    "translations": {}
  },
  {
    "id": 5187,
    "name": "Naranjito",
    "country_id": 178,
    "country_code": "PR",
    "fips_code": null,
    "iso2": "105",
    "type": "municipality",
    "latitude": "18.30078610",
    "longitude": "-66.24489040",
    "native": "Naranjito",
    "timezone": "America/Puerto_Rico",
    "translations": {}
  },
  {
    "id": 5188,
    "name": "Orocovis",
    "country_id": 178,
    "country_code": "PR",
    "fips_code": null,
    "iso2": "107",
    "type": "municipality",
    "latitude": "18.22692240",
    "longitude": "-66.39116860",
    "native": "Orocovis",
    "timezone": "America/Puerto_Rico",
    "translations": {}
  },
  {
    "id": 5189,
    "name": "Patillas",
    "country_id": 178,
    "country_code": "PR",
    "fips_code": null,
    "iso2": "109",
    "type": "municipality",
    "latitude": "18.00373810",
    "longitude": "-66.01340590",
    "native": "Patillas",
    "timezone": "America/Puerto_Rico",
    "translations": {}
  },
  {
    "id": 5190,
    "name": "Peñuelas",
    "country_id": 178,
    "country_code": "PR",
    "fips_code": null,
    "iso2": "111",
    "type": "municipality",
    "latitude": "18.06335770",
    "longitude": "-66.72738960",
    "native": "Peñuelas",
    "timezone": "America/Puerto_Rico",
    "translations": {}
  },
  {
    "id": 5078,
    "name": "Ponce",
    "country_id": 178,
    "country_code": "PR",
    "fips_code": null,
    "iso2": "PO",
    "type": "region",
    "latitude": "18.01156400",
    "longitude": "-66.61395800",
    "native": "Ponce",
    "timezone": "America/Puerto_Rico",
    "translations": {}
  },
  {
    "id": 5191,
    "name": "Ponce",
    "country_id": 178,
    "country_code": "PR",
    "fips_code": null,
    "iso2": "113",
    "type": "municipality",
    "latitude": "18.01156400",
    "longitude": "-66.61395800",
    "native": "Ponce",
    "timezone": "America/Puerto_Rico",
    "translations": {}
  },
  {
    "id": 5192,
    "name": "Quebradillas",
    "country_id": 178,
    "country_code": "PR",
    "fips_code": null,
    "iso2": "115",
    "type": "municipality",
    "latitude": "18.47383300",
    "longitude": "-66.93851200",
    "native": "Quebradillas",
    "timezone": "America/Puerto_Rico",
    "translations": {}
  },
  {
    "id": 5193,
    "name": "Rincón",
    "country_id": 178,
    "country_code": "PR",
    "fips_code": null,
    "iso2": "117",
    "type": "municipality",
    "latitude": "18.33620740",
    "longitude": "-67.23212020",
    "native": "Rincón",
    "timezone": "America/Puerto_Rico",
    "translations": {}
  },
  {
    "id": 5194,
    "name": "Río Grande",
    "country_id": 178,
    "country_code": "PR",
    "fips_code": null,
    "iso2": "119",
    "type": "municipality",
    "latitude": "18.36063210",
    "longitude": "-67.23687230",
    "native": "Río Grande",
    "timezone": "America/Puerto_Rico",
    "translations": {}
  },
  {
    "id": 5195,
    "name": "Sabana Grande",
    "country_id": 178,
    "country_code": "PR",
    "fips_code": null,
    "iso2": "121",
    "type": "municipality",
    "latitude": "18.07773920",
    "longitude": "-66.96045490",
    "native": "Sabana Grande",
    "timezone": "America/Puerto_Rico",
    "translations": {}
  },
  {
    "id": 5196,
    "name": "Salinas",
    "country_id": 178,
    "country_code": "PR",
    "fips_code": null,
    "iso2": "123",
    "type": "municipality",
    "latitude": "17.97697790",
    "longitude": "-66.29801870",
    "native": "Salinas",
    "timezone": "America/Puerto_Rico",
    "translations": {}
  },
  {
    "id": 5197,
    "name": "San Germán",
    "country_id": 178,
    "country_code": "PR",
    "fips_code": null,
    "iso2": "125",
    "type": "municipality",
    "latitude": "18.08070820",
    "longitude": "-67.04110960",
    "native": "San Germán",
    "timezone": "America/Puerto_Rico",
    "translations": {}
  },
  {
    "id": 5198,
    "name": "San Juan",
    "country_id": 178,
    "country_code": "PR",
    "fips_code": null,
    "iso2": "127",
    "type": "municipality",
    "latitude": "18.38423900",
    "longitude": "-66.05344000",
    "native": "San Juan",
    "timezone": "America/Puerto_Rico",
    "translations": {}
  },
  {
    "id": 5075,
    "name": "San Juan",
    "country_id": 178,
    "country_code": "PR",
    "fips_code": null,
    "iso2": "SJ",
    "type": "region",
    "latitude": "18.38423900",
    "longitude": "-66.05344000",
    "native": "San Juan",
    "timezone": "America/Puerto_Rico",
    "translations": {}
  },
  {
    "id": 5199,
    "name": "San Lorenzo",
    "country_id": 178,
    "country_code": "PR",
    "fips_code": null,
    "iso2": "129",
    "type": "municipality",
    "latitude": "18.19043030",
    "longitude": "-65.96117940",
    "native": "San Lorenzo",
    "timezone": "America/Puerto_Rico",
    "translations": {}
  },
  {
    "id": 5200,
    "name": "San Sebastián",
    "country_id": 178,
    "country_code": "PR",
    "fips_code": null,
    "iso2": "131",
    "type": "municipality",
    "latitude": "18.32346000",
    "longitude": "-66.97283700",
    "native": "San Sebastián",
    "timezone": "America/Puerto_Rico",
    "translations": {}
  },
  {
    "id": 5201,
    "name": "Santa Isabel",
    "country_id": 178,
    "country_code": "PR",
    "fips_code": null,
    "iso2": "133",
    "type": "municipality",
    "latitude": "17.96607750",
    "longitude": "-66.40489200",
    "native": "Santa Isabel",
    "timezone": "America/Puerto_Rico",
    "translations": {}
  },
  {
    "id": 5202,
    "name": "Toa Alta",
    "country_id": 178,
    "country_code": "PR",
    "fips_code": null,
    "iso2": "135",
    "type": "municipality",
    "latitude": "18.38828230",
    "longitude": "-66.24822370",
    "native": "Toa debajo",
    "timezone": "America/Puerto_Rico",
    "translations": {}
  },
  {
    "id": 5082,
    "name": "Toa Baja",
    "country_id": 178,
    "country_code": "PR",
    "fips_code": null,
    "iso2": "TB",
    "type": "region",
    "latitude": "18.44388900",
    "longitude": "-66.25972200",
    "native": "Toa acero",
    "timezone": "America/Puerto_Rico",
    "translations": {}
  },
  {
    "id": 5203,
    "name": "Toa Baja",
    "country_id": 178,
    "country_code": "PR",
    "fips_code": null,
    "iso2": "137",
    "type": "municipality",
    "latitude": "18.44447090",
    "longitude": "-66.25432930",
    "native": "Toa acero",
    "timezone": "America/Puerto_Rico",
    "translations": {}
  },
  {
    "id": 5084,
    "name": "Trujillo Alto",
    "country_id": 178,
    "country_code": "PR",
    "fips_code": null,
    "iso2": "TA",
    "type": "region",
    "latitude": "18.35424080",
    "longitude": "-66.00737700",
    "native": "Trujillo Alto",
    "timezone": "America/Puerto_Rico",
    "translations": {}
  },
  {
    "id": 5204,
    "name": "Trujillo Alto",
    "country_id": 178,
    "country_code": "PR",
    "fips_code": null,
    "iso2": "139",
    "type": "municipality",
    "latitude": "18.35424080",
    "longitude": "-66.00737700",
    "native": "Trujillo Alto",
    "timezone": "America/Puerto_Rico",
    "translations": {}
  },
  {
    "id": 5205,
    "name": "Utuado",
    "country_id": 178,
    "country_code": "PR",
    "fips_code": null,
    "iso2": "141",
    "type": "municipality",
    "latitude": "18.26550950",
    "longitude": "-66.70045190",
    "native": "Utilizado",
    "timezone": "America/Puerto_Rico",
    "translations": {}
  },
  {
    "id": 5206,
    "name": "Vega Alta",
    "country_id": 178,
    "country_code": "PR",
    "fips_code": null,
    "iso2": "143",
    "type": "municipality",
    "latitude": "18.41217030",
    "longitude": "-66.33128050",
    "native": "Vega Alta",
    "timezone": "America/Puerto_Rico",
    "translations": {}
  },
  {
    "id": 5207,
    "name": "Vega Baja",
    "country_id": 178,
    "country_code": "PR",
    "fips_code": null,
    "iso2": "145",
    "type": "municipality",
    "latitude": "18.44453140",
    "longitude": "-66.38758700",
    "native": "Vega Baja",
    "timezone": "America/Puerto_Rico",
    "translations": {}
  },
  {
    "id": 5208,
    "name": "Vieques",
    "country_id": 178,
    "country_code": "PR",
    "fips_code": null,
    "iso2": "147",
    "type": "municipality",
    "latitude": "18.12156220",
    "longitude": "-65.45746400",
    "native": "Componentes",
    "timezone": "America/Puerto_Rico",
    "translations": {}
  },
  {
    "id": 5209,
    "name": "Villalba",
    "country_id": 178,
    "country_code": "PR",
    "fips_code": null,
    "iso2": "149",
    "type": "municipality",
    "latitude": "18.12175540",
    "longitude": "-66.49857870",
    "native": "Villalba",
    "timezone": "America/Puerto_Rico",
    "translations": {}
  },
  {
    "id": 5210,
    "name": "Yabucoa",
    "country_id": 178,
    "country_code": "PR",
    "fips_code": null,
    "iso2": "151",
    "type": "municipality",
    "latitude": "18.05052010",
    "longitude": "-65.87932880",
    "native": "Yabucoa",
    "timezone": "America/Puerto_Rico",
    "translations": {}
  },
  {
    "id": 5211,
    "name": "Yauco",
    "country_id": 178,
    "country_code": "PR",
    "fips_code": null,
    "iso2": "153",
    "type": "municipality",
    "latitude": "18.03496400",
    "longitude": "-66.84989830",
    "native": "Yauco",
    "timezone": "America/Puerto_Rico",
    "translations": {}
  }
]