[
  {
    "id": 62305,
    "name": "Allman Town",
    "state_id": 3748,
    "state_code": "01",
    "country_id": 108,
    "country_code": "JM",
    "latitude": "17.98297000",
    "longitude": "-76.78685000",
    "native": null,
    "timezone": null,
    "translations": {}
  },
  {
    "id": 62380,
    "name": "Bournemouth Gardens",
    "state_id": 3748,
    "state_code": "01",
    "country_id": 108,
    "country_code": "JM",
    "latitude": "17.97009000",
    "longitude": "-76.76266000",
    "native": null,
    "timezone": null,
    "translations": {}
  },
  {
    "id": 62416,
    "name": "Campbell Town",
    "state_id": 3748,
    "state_code": "01",
    "country_id": 108,
    "country_code": "JM",
    "latitude": "17.97914000",
    "longitude": "-76.78134000",
    "native": null,
    "timezone": null,
    "translations": {}
  },
  {
    "id": 62439,
    "name": "Central Down Town",
    "state_id": 3748,
    "state_code": "01",
    "country_id": 108,
    "country_code": "JM",
    "latitude": "17.96958000",
    "longitude": "-76.79264000",
    "native": null,
    "timezone": null,
    "translations": {}
  },
  {
    "id": 62498,
    "name": "D'Aguilar Town/ Rennock Lodge",
    "state_id": 3748,
    "state_code": "01",
    "country_id": 108,
    "country_code": "JM",
    "latitude": "17.97001000",
    "longitude": "-76.73701000",
    "native": null,
    "timezone": null,
    "translations": {}
  },
  {
    "id": 62509,
    "name": "Denham Town",
    "state_id": 3748,
    "state_code": "01",
    "country_id": 108,
    "country_code": "JM",
    "latitude": "17.97812000",
    "longitude": "-76.79984000",
    "native": null,
    "timezone": null,
    "translations": {}
  },
  {
    "id": 62530,
    "name": "East Down Town",
    "state_id": 3748,
    "state_code": "01",
    "country_id": 108,
    "country_code": "JM",
    "latitude": "17.97197000",
    "longitude": "-76.78471000",
    "native": null,
    "timezone": null,
    "translations": {}
  },
  {
    "id": 62558,
    "name": "Fletchers Land",
    "state_id": 3748,
    "state_code": "01",
    "country_id": 108,
    "country_code": "JM",
    "latitude": "17.97968000",
    "longitude": "-76.79100000",
    "native": null,
    "timezone": null,
    "translations": {}
  },
  {
    "id": 62567,
    "name": "Franklyn Town",
    "state_id": 3748,
    "state_code": "01",
    "country_id": 108,
    "country_code": "JM",
    "latitude": "17.97787000",
    "longitude": "-76.77339000",
    "native": null,
    "timezone": null,
    "translations": {}
  },
  {
    "id": 62629,
    "name": "Hannah Town/ Craig Town",
    "state_id": 3748,
    "state_code": "01",
    "country_id": 108,
    "country_code": "JM",
    "latitude": "17.97998000",
    "longitude": "-76.79430000",
    "native": null,
    "timezone": null,
    "translations": {}
  },
  {
    "id": 62679,
    "name": "Johnson Town",
    "state_id": 3748,
    "state_code": "01",
    "country_id": 108,
    "country_code": "JM",
    "latitude": "17.97771000",
    "longitude": "-76.75593000",
    "native": null,
    "timezone": null,
    "translations": {}
  },
  {
    "id": 62691,
    "name": "Kingston",
    "state_id": 3748,
    "state_code": "01",
    "country_id": 108,
    "country_code": "JM",
    "latitude": "17.99702000",
    "longitude": "-76.79358000",
    "native": null,
    "timezone": null,
    "translations": {}
  },
  {
    "id": 62692,
    "name": "Kingston Gardens",
    "state_id": 3748,
    "state_code": "01",
    "country_id": 108,
    "country_code": "JM",
    "latitude": "17.97836000",
    "longitude": "-76.78681000",
    "native": null,
    "timezone": null,
    "translations": {}
  },
  {
    "id": 62748,
    "name": "Manley Meadows",
    "state_id": 3748,
    "state_code": "01",
    "country_id": 108,
    "country_code": "JM",
    "latitude": "17.96907000",
    "longitude": "-76.77116000",
    "native": null,
    "timezone": null,
    "translations": {}
  },
  {
    "id": 62825,
    "name": "Newport East",
    "state_id": 3748,
    "state_code": "01",
    "country_id": 108,
    "country_code": "JM",
    "latitude": "17.97421000",
    "longitude": "-76.80663000",
    "native": null,
    "timezone": null,
    "translations": {}
  },
  {
    "id": 62827,
    "name": "Newton Square",
    "state_id": 3748,
    "state_code": "01",
    "country_id": 108,
    "country_code": "JM",
    "latitude": "17.97352000",
    "longitude": "-76.77207000",
    "native": null,
    "timezone": null,
    "translations": {}
  },
  {
    "id": 62831,
    "name": "Norman Gardens",
    "state_id": 3748,
    "state_code": "01",
    "country_id": 108,
    "country_code": "JM",
    "latitude": "17.97803000",
    "longitude": "-76.75940000",
    "native": null,
    "timezone": null,
    "translations": {}
  },
  {
    "id": 62866,
    "name": "Passmore Town",
    "state_id": 3748,
    "state_code": "01",
    "country_id": 108,
    "country_code": "JM",
    "latitude": "17.97301000",
    "longitude": "-76.77650000",
    "native": null,
    "timezone": null,
    "translations": {}
  },
  {
    "id": 62895,
    "name": "Port Royal",
    "state_id": 3748,
    "state_code": "01",
    "country_id": 108,
    "country_code": "JM",
    "latitude": "17.93738000",
    "longitude": "-76.84062000",
    "native": null,
    "timezone": null,
    "translations": {}
  },
  {
    "id": 62911,
    "name": "Rae Town",
    "state_id": 3748,
    "state_code": "01",
    "country_id": 108,
    "country_code": "JM",
    "latitude": "17.96773000",
    "longitude": "-76.77965000",
    "native": null,
    "timezone": null,
    "translations": {}
  },
  {
    "id": 62949,
    "name": "Rollington Town",
    "state_id": 3748,
    "state_code": "01",
    "country_id": 108,
    "country_code": "JM",
    "latitude": "17.97687000",
    "longitude": "-76.76523000",
    "native": null,
    "timezone": null,
    "translations": {}
  },
  {
    "id": 63005,
    "name": "Southside",
    "state_id": 3748,
    "state_code": "01",
    "country_id": 108,
    "country_code": "JM",
    "latitude": "17.96569000",
    "longitude": "-76.78624000",
    "native": null,
    "timezone": null,
    "translations": {}
  },
  {
    "id": 63016,
    "name": "Springfield",
    "state_id": 3748,
    "state_code": "01",
    "country_id": 108,
    "country_code": "JM",
    "latitude": "17.97117000",
    "longitude": "-76.75607000",
    "native": null,
    "timezone": null,
    "translations": {}
  },
  {
    "id": 63052,
    "name": "Tivoli Gardens",
    "state_id": 3748,
    "state_code": "01",
    "country_id": 108,
    "country_code": "JM",
    "latitude": "17.97326000",
    "longitude": "-76.80090000",
    "native": null,
    "timezone": null,
    "translations": {}
  },
  {
    "id": 63096,
    "name": "West Down Town",
    "state_id": 3748,
    "state_code": "01",
    "country_id": 108,
    "country_code": "JM",
    "latitude": "17.97294000",
    "longitude": "-76.79704000",
    "native": null,
    "timezone": null,
    "translations": {}
  }
]