[
  {
    "id": 155440,
    "name": "Albaret-le-Comtal",
    "state_id": 5016,
    "state_code": "48",
    "country_id": 75,
    "country_code": "FR",
    "latitude": "44.86408830",
    "longitude": "3.06236370",
    "native": null,
    "timezone": null,
    "translations": {}
  },
  {
    "id": 155441,
    "name": "Albaret-Sainte-Marie",
    "state_id": 5016,
    "state_code": "48",
    "country_id": 75,
    "country_code": "FR",
    "latitude": "44.88040430",
    "longitude": "3.17131470",
    "native": null,
    "timezone": null,
    "translations": {}
  },
  {
    "id": 155442,
    "name": "Allenc",
    "state_id": 5016,
    "state_code": "48",
    "country_id": 75,
    "country_code": "FR",
    "latitude": "44.54993740",
    "longitude": "3.59555250",
    "native": null,
    "timezone": null,
    "translations": {}
  },
  {
    "id": 155443,
    "name": "Altier",
    "state_id": 5016,
    "state_code": "48",
    "country_id": 75,
    "country_code": "FR",
    "latitude": "44.45694160",
    "longitude": "3.77366380",
    "native": null,
    "timezone": null,
    "translations": {}
  },
  {
    "id": 155444,
    "name": "Antrenas",
    "state_id": 5016,
    "state_code": "48",
    "country_id": 75,
    "country_code": "FR",
    "latitude": "44.58932640",
    "longitude": "3.17214900",
    "native": null,
    "timezone": null,
    "translations": {}
  },
  {
    "id": 155445,
    "name": "Arzenc-d'Apcher",
    "state_id": 5016,
    "state_code": "48",
    "country_id": 75,
    "country_code": "FR",
    "latitude": "44.84478810",
    "longitude": "3.07183030",
    "native": null,
    "timezone": null,
    "translations": {}
  },
  {
    "id": 155446,
    "name": "Arzenc-de-Randon",
    "state_id": 5016,
    "state_code": "48",
    "country_id": 75,
    "country_code": "FR",
    "latitude": "44.65971620",
    "longitude": "3.44349940",
    "native": null,
    "timezone": null,
    "translations": {}
  },
  {
    "id": 155447,
    "name": "Auroux",
    "state_id": 5016,
    "state_code": "48",
    "country_id": 75,
    "country_code": "FR",
    "latitude": "44.76093530",
    "longitude": "3.63866950",
    "native": null,
    "timezone": null,
    "translations": {}
  },
  {
    "id": 155448,
    "name": "Badaroux",
    "state_id": 5016,
    "state_code": "48",
    "country_id": 75,
    "country_code": "FR",
    "latitude": "44.54758080",
    "longitude": "3.47885450",
    "native": null,
    "timezone": null,
    "translations": {}
  },
  {
    "id": 155449,
    "name": "Balsièges",
    "state_id": 5016,
    "state_code": "48",
    "country_id": 75,
    "country_code": "FR",
    "latitude": "44.47696610",
    "longitude": "3.36132620",
    "native": null,
    "timezone": null,
    "translations": {}
  },
  {
    "id": 155450,
    "name": "Banassac-Canilhac",
    "state_id": 5016,
    "state_code": "48",
    "country_id": 75,
    "country_code": "FR",
    "latitude": "44.42957910",
    "longitude": "3.08708260",
    "native": null,
    "timezone": null,
    "translations": {}
  },
  {
    "id": 155451,
    "name": "Barjac",
    "state_id": 5016,
    "state_code": "48",
    "country_id": 75,
    "country_code": "FR",
    "latitude": "44.52303760",
    "longitude": "3.32146630",
    "native": null,
    "timezone": null,
    "translations": {}
  },
  {
    "id": 155452,
    "name": "Barre-des-Cévennes",
    "state_id": 5016,
    "state_code": "48",
    "country_id": 75,
    "country_code": "FR",
    "latitude": "44.25503740",
    "longitude": "3.59237140",
    "native": null,
    "timezone": null,
    "translations": {}
  },
  {
    "id": 155453,
    "name": "Bassurels",
    "state_id": 5016,
    "state_code": "48",
    "country_id": 75,
    "country_code": "FR",
    "latitude": "44.16265610",
    "longitude": "3.51911250",
    "native": null,
    "timezone": null,
    "translations": {}
  },
  {
    "id": 155454,
    "name": "Bédouès-Cocurès",
    "state_id": 5016,
    "state_code": "48",
    "country_id": 75,
    "country_code": "FR",
    "latitude": "44.34785370",
    "longitude": "3.47706160",
    "native": null,
    "timezone": null,
    "translations": {}
  },
  {
    "id": 155455,
    "name": "Bel-Air-Val-d'Ance",
    "state_id": 5016,
    "state_code": "48",
    "country_id": 75,
    "country_code": "FR",
    "latitude": "44.84238100",
    "longitude": "3.54569750",
    "native": null,
    "timezone": null,
    "translations": {}
  },
  {
    "id": 155456,
    "name": "Blavignac",
    "state_id": 5016,
    "state_code": "48",
    "country_id": 75,
    "country_code": "FR",
    "latitude": "44.86835450",
    "longitude": "3.20534000",
    "native": null,
    "timezone": null,
    "translations": {}
  },
  {
    "id": 155457,
    "name": "Bourgs sur Colagne",
    "state_id": 5016,
    "state_code": "48",
    "country_id": 75,
    "country_code": "FR",
    "latitude": "44.53217870",
    "longitude": "3.06719720",
    "native": null,
    "timezone": null,
    "translations": {}
  },
  {
    "id": 155458,
    "name": "Brenoux",
    "state_id": 5016,
    "state_code": "48",
    "country_id": 75,
    "country_code": "FR",
    "latitude": "44.48720230",
    "longitude": "3.49204910",
    "native": null,
    "timezone": null,
    "translations": {}
  },
  {
    "id": 155459,
    "name": "Brion",
    "state_id": 5016,
    "state_code": "48",
    "country_id": 75,
    "country_code": "FR",
    "latitude": "44.74580540",
    "longitude": "2.99567790",
    "native": null,
    "timezone": null,
    "translations": {}
  },
  {
    "id": 155460,
    "name": "Cans-et-Cévennes",
    "state_id": 5016,
    "state_code": "48",
    "country_id": 75,
    "country_code": "FR",
    "latitude": "44.28325390",
    "longitude": "3.47983330",
    "native": null,
    "timezone": null,
    "translations": {}
  },
  {
    "id": 155461,
    "name": "Cassagnas",
    "state_id": 5016,
    "state_code": "48",
    "country_id": 75,
    "country_code": "FR",
    "latitude": "44.28024940",
    "longitude": "3.64687800",
    "native": null,
    "timezone": null,
    "translations": {}
  },
  {
    "id": 155462,
    "name": "Chadenet",
    "state_id": 5016,
    "state_code": "48",
    "country_id": 75,
    "country_code": "FR",
    "latitude": "44.50809190",
    "longitude": "3.60035590",
    "native": null,
    "timezone": null,
    "translations": {}
  },
  {
    "id": 155464,
    "name": "Chastanier",
    "state_id": 5016,
    "state_code": "48",
    "country_id": 75,
    "country_code": "FR",
    "latitude": "44.72462090",
    "longitude": "3.66855030",
    "native": null,
    "timezone": null,
    "translations": {}
  },
  {
    "id": 155465,
    "name": "Chastel-Nouvel",
    "state_id": 5016,
    "state_code": "48",
    "country_id": 75,
    "country_code": "FR",
    "latitude": "44.56694800",
    "longitude": "3.40816790",
    "native": null,
    "timezone": null,
    "translations": {}
  },
  {
    "id": 155466,
    "name": "Châteauneuf-de-Randon",
    "state_id": 5016,
    "state_code": "48",
    "country_id": 75,
    "country_code": "FR",
    "latitude": "44.64787830",
    "longitude": "3.60551010",
    "native": null,
    "timezone": null,
    "translations": {}
  },
  {
    "id": 155467,
    "name": "Chauchailles",
    "state_id": 5016,
    "state_code": "48",
    "country_id": 75,
    "country_code": "FR",
    "latitude": "44.79674540",
    "longitude": "2.99305420",
    "native": null,
    "timezone": null,
    "translations": {}
  },
  {
    "id": 155468,
    "name": "Chaudeyrac",
    "state_id": 5016,
    "state_code": "48",
    "country_id": 75,
    "country_code": "FR",
    "latitude": "44.64399550",
    "longitude": "3.66880310",
    "native": null,
    "timezone": null,
    "translations": {}
  },
  {
    "id": 155469,
    "name": "Chaulhac",
    "state_id": 5016,
    "state_code": "48",
    "country_id": 75,
    "country_code": "FR",
    "latitude": "44.91954690",
    "longitude": "3.22560030",
    "native": null,
    "timezone": null,
    "translations": {}
  },
  {
    "id": 155470,
    "name": "Cheylard-l'Évêque",
    "state_id": 5016,
    "state_code": "48",
    "country_id": 75,
    "country_code": "FR",
    "latitude": "44.63892020",
    "longitude": "3.72733760",
    "native": null,
    "timezone": null,
    "translations": {}
  },
  {
    "id": 155471,
    "name": "Cubières",
    "state_id": 5016,
    "state_code": "48",
    "country_id": 75,
    "country_code": "FR",
    "latitude": "44.47178550",
    "longitude": "3.70829630",
    "native": null,
    "timezone": null,
    "translations": {}
  },
  {
    "id": 155472,
    "name": "Cubiérettes",
    "state_id": 5016,
    "state_code": "48",
    "country_id": 75,
    "country_code": "FR",
    "latitude": "44.44483990",
    "longitude": "3.74597540",
    "native": null,
    "timezone": null,
    "translations": {}
  },
  {
    "id": 155473,
    "name": "Cultures",
    "state_id": 5016,
    "state_code": "48",
    "country_id": 75,
    "country_code": "FR",
    "latitude": "44.48989070",
    "longitude": "3.34107920",
    "native": null,
    "timezone": null,
    "translations": {}
  },
  {
    "id": 155474,
    "name": "Esclanèdes",
    "state_id": 5016,
    "state_code": "48",
    "country_id": 75,
    "country_code": "FR",
    "latitude": "44.48423720",
    "longitude": "3.28838770",
    "native": null,
    "timezone": null,
    "translations": {}
  },
  {
    "id": 155475,
    "name": "Florac Trois Rivières",
    "state_id": 5016,
    "state_code": "48",
    "country_id": 75,
    "country_code": "FR",
    "latitude": "44.31878550",
    "longitude": "3.46234640",
    "native": null,
    "timezone": null,
    "translations": {}
  },
  {
    "id": 155476,
    "name": "Fontans",
    "state_id": 5016,
    "state_code": "48",
    "country_id": 75,
    "country_code": "FR",
    "latitude": "44.74335630",
    "longitude": "3.29726160",
    "native": null,
    "timezone": null,
    "translations": {}
  },
  {
    "id": 155477,
    "name": "Fournels",
    "state_id": 5016,
    "state_code": "48",
    "country_id": 75,
    "country_code": "FR",
    "latitude": "44.80990320",
    "longitude": "3.04719330",
    "native": null,
    "timezone": null,
    "translations": {}
  },
  {
    "id": 155478,
    "name": "Fraissinet-de-Fourques",
    "state_id": 5016,
    "state_code": "48",
    "country_id": 75,
    "country_code": "FR",
    "latitude": "44.20696720",
    "longitude": "3.45396630",
    "native": null,
    "timezone": null,
    "translations": {}
  },
  {
    "id": 155479,
    "name": "Gabriac",
    "state_id": 5016,
    "state_code": "48",
    "country_id": 75,
    "country_code": "FR",
    "latitude": "44.46354050",
    "longitude": "2.72391180",
    "native": null,
    "timezone": null,
    "translations": {}
  },
  {
    "id": 155480,
    "name": "Gabrias",
    "state_id": 5016,
    "state_code": "48",
    "country_id": 75,
    "country_code": "FR",
    "latitude": "44.55215590",
    "longitude": "3.30255100",
    "native": null,
    "timezone": null,
    "translations": {}
  },
  {
    "id": 155481,
    "name": "Gatuzières",
    "state_id": 5016,
    "state_code": "48",
    "country_id": 75,
    "country_code": "FR",
    "latitude": "44.18764770",
    "longitude": "3.34346610",
    "native": null,
    "timezone": null,
    "translations": {}
  },
  {
    "id": 155482,
    "name": "Gorges du Tarn Causses",
    "state_id": 5016,
    "state_code": "48",
    "country_id": 75,
    "country_code": "FR",
    "latitude": "44.36301740",
    "longitude": "3.12843700",
    "native": null,
    "timezone": null,
    "translations": {}
  },
  {
    "id": 155483,
    "name": "Grandrieu",
    "state_id": 5016,
    "state_code": "48",
    "country_id": 75,
    "country_code": "FR",
    "latitude": "44.77465750",
    "longitude": "3.47552260",
    "native": null,
    "timezone": null,
    "translations": {}
  },
  {
    "id": 155484,
    "name": "Grandvals",
    "state_id": 5016,
    "state_code": "48",
    "country_id": 75,
    "country_code": "FR",
    "latitude": "44.73323540",
    "longitude": "2.97292810",
    "native": null,
    "timezone": null,
    "translations": {}
  },
  {
    "id": 155485,
    "name": "Grèzes",
    "state_id": 5016,
    "state_code": "48",
    "country_id": 75,
    "country_code": "FR",
    "latitude": "44.91229830",
    "longitude": "3.38544460",
    "native": null,
    "timezone": null,
    "translations": {}
  },
  {
    "id": 155486,
    "name": "Hures-la-Parade",
    "state_id": 5016,
    "state_code": "48",
    "country_id": 75,
    "country_code": "FR",
    "latitude": "44.24776400",
    "longitude": "3.22063520",
    "native": null,
    "timezone": null,
    "translations": {}
  },
  {
    "id": 155487,
    "name": "Ispagnac",
    "state_id": 5016,
    "state_code": "48",
    "country_id": 75,
    "country_code": "FR",
    "latitude": "44.40076280",
    "longitude": "3.36704030",
    "native": null,
    "timezone": null,
    "translations": {}
  },
  {
    "id": 155488,
    "name": "Julianges",
    "state_id": 5016,
    "state_code": "48",
    "country_id": 75,
    "country_code": "FR",
    "latitude": "44.93673250",
    "longitude": "3.23892630",
    "native": null,
    "timezone": null,
    "translations": {}
  },
  {
    "id": 155489,
    "name": "La Bastide-Puylaurent",
    "state_id": 5016,
    "state_code": "48",
    "country_id": 75,
    "country_code": "FR",
    "latitude": "44.56618960",
    "longitude": "3.80592540",
    "native": null,
    "timezone": null,
    "translations": {}
  },
  {
    "id": 155491,
    "name": "La Fage-Montivernoux",
    "state_id": 5016,
    "state_code": "48",
    "country_id": 75,
    "country_code": "FR",
    "latitude": "44.75038190",
    "longitude": "3.06617300",
    "native": null,
    "timezone": null,
    "translations": {}
  },
  {
    "id": 155492,
    "name": "La Fage-Saint-Julien",
    "state_id": 5016,
    "state_code": "48",
    "country_id": 75,
    "country_code": "FR",
    "latitude": "44.80075160",
    "longitude": "3.12953010",
    "native": null,
    "timezone": null,
    "translations": {}
  },
  {
    "id": 155493,
    "name": "La Malène",
    "state_id": 5016,
    "state_code": "48",
    "country_id": 75,
    "country_code": "FR",
    "latitude": "44.30726880",
    "longitude": "3.23418980",
    "native": null,
    "timezone": null,
    "translations": {}
  },
  {
    "id": 155519,
    "name": "La Tieule",
    "state_id": 5016,
    "state_code": "48",
    "country_id": 75,
    "country_code": "FR",
    "latitude": "44.38273020",
    "longitude": "3.08688240",
    "native": null,
    "timezone": null,
    "translations": {}
  },
  {
    "id": 155494,
    "name": "Lachamp-Ribennes",
    "state_id": 5016,
    "state_code": "48",
    "country_id": 75,
    "country_code": "FR",
    "latitude": "44.62737900",
    "longitude": "3.22045050",
    "native": null,
    "timezone": null,
    "translations": {}
  },
  {
    "id": 155495,
    "name": "Lajo",
    "state_id": 5016,
    "state_code": "48",
    "country_id": 75,
    "country_code": "FR",
    "latitude": "44.82626630",
    "longitude": "3.35445860",
    "native": null,
    "timezone": null,
    "translations": {}
  },
  {
    "id": 155497,
    "name": "Lanuéjols",
    "state_id": 5016,
    "state_code": "48",
    "country_id": 75,
    "country_code": "FR",
    "latitude": "44.12390610",
    "longitude": "3.21189290",
    "native": null,
    "timezone": null,
    "translations": {}
  },
  {
    "id": 155498,
    "name": "Laubert",
    "state_id": 5016,
    "state_code": "48",
    "country_id": 75,
    "country_code": "FR",
    "latitude": "44.59557020",
    "longitude": "3.56117430",
    "native": null,
    "timezone": null,
    "translations": {}
  },
  {
    "id": 155499,
    "name": "Laval-du-Tarn",
    "state_id": 5016,
    "state_code": "48",
    "country_id": 75,
    "country_code": "FR",
    "latitude": "44.37615770",
    "longitude": "3.26887730",
    "native": null,
    "timezone": null,
    "translations": {}
  },
  {
    "id": 155500,
    "name": "Le Born",
    "state_id": 5016,
    "state_code": "48",
    "country_id": 75,
    "country_code": "FR",
    "latitude": "44.58739290",
    "longitude": "3.47465410",
    "native": null,
    "timezone": null,
    "translations": {}
  },
  {
    "id": 155501,
    "name": "Le Buisson",
    "state_id": 5016,
    "state_code": "48",
    "country_id": 75,
    "country_code": "FR",
    "latitude": "44.63006490",
    "longitude": "3.13760330",
    "native": null,
    "timezone": null,
    "translations": {}
  },
  {
    "id": 155502,
    "name": "Le Collet-de-Dèze",
    "state_id": 5016,
    "state_code": "48",
    "country_id": 75,
    "country_code": "FR",
    "latitude": "44.25843160",
    "longitude": "3.83866250",
    "native": null,
    "timezone": null,
    "translations": {}
  },
  {
    "id": 155503,
    "name": "Le Malzieu-Forain",
    "state_id": 5016,
    "state_code": "48",
    "country_id": 75,
    "country_code": "FR",
    "latitude": "44.87146660",
    "longitude": "3.30717150",
    "native": null,
    "timezone": null,
    "translations": {}
  },
  {
    "id": 155520,
    "name": "Le Pompidou",
    "state_id": 5016,
    "state_code": "48",
    "country_id": 75,
    "country_code": "FR",
    "latitude": "44.20687610",
    "longitude": "3.58134290",
    "native": null,
    "timezone": null,
    "translations": {}
  },
  {
    "id": 155521,
    "name": "Le Rozier",
    "state_id": 5016,
    "state_code": "48",
    "country_id": 75,
    "country_code": "FR",
    "latitude": "44.19715100",
    "longitude": "3.17619310",
    "native": null,
    "timezone": null,
    "translations": {}
  },
  {
    "id": 155505,
    "name": "Les Bessons",
    "state_id": 5016,
    "state_code": "48",
    "country_id": 75,
    "country_code": "FR",
    "latitude": "44.77464960",
    "longitude": "3.15372610",
    "native": null,
    "timezone": null,
    "translations": {}
  },
  {
    "id": 155506,
    "name": "Les Bondons",
    "state_id": 5016,
    "state_code": "48",
    "country_id": 75,
    "country_code": "FR",
    "latitude": "44.39920280",
    "longitude": "3.55412150",
    "native": null,
    "timezone": null,
    "translations": {}
  },
  {
    "id": 155507,
    "name": "Les Hermaux",
    "state_id": 5016,
    "state_code": "48",
    "country_id": 75,
    "country_code": "FR",
    "latitude": "44.51822140",
    "longitude": "3.09007870",
    "native": null,
    "timezone": null,
    "translations": {}
  },
  {
    "id": 155508,
    "name": "Les Laubies",
    "state_id": 5016,
    "state_code": "48",
    "country_id": 75,
    "country_code": "FR",
    "latitude": "44.70009600",
    "longitude": "3.36382720",
    "native": null,
    "timezone": null,
    "translations": {}
  },
  {
    "id": 155522,
    "name": "Les Monts-Verts",
    "state_id": 5016,
    "state_code": "48",
    "country_id": 75,
    "country_code": "FR",
    "latitude": "44.84816450",
    "longitude": "3.13608200",
    "native": null,
    "timezone": null,
    "translations": {}
  },
  {
    "id": 155523,
    "name": "Les Salces",
    "state_id": 5016,
    "state_code": "48",
    "country_id": 75,
    "country_code": "FR",
    "latitude": "44.55668080",
    "longitude": "2.96715200",
    "native": null,
    "timezone": null,
    "translations": {}
  },
  {
    "id": 155524,
    "name": "Les Salelles",
    "state_id": 5016,
    "state_code": "48",
    "country_id": 75,
    "country_code": "FR",
    "latitude": "44.48397540",
    "longitude": "3.19413340",
    "native": null,
    "timezone": null,
    "translations": {}
  },
  {
    "id": 155509,
    "name": "Luc",
    "state_id": 5016,
    "state_code": "48",
    "country_id": 75,
    "country_code": "FR",
    "latitude": "44.64202020",
    "longitude": "3.78397990",
    "native": null,
    "timezone": null,
    "translations": {}
  },
  {
    "id": 155510,
    "name": "Marchastel",
    "state_id": 5016,
    "state_code": "48",
    "country_id": 75,
    "country_code": "FR",
    "latitude": "44.64209100",
    "longitude": "3.02542050",
    "native": null,
    "timezone": null,
    "translations": {}
  },
  {
    "id": 155512,
    "name": "Mas-Saint-Chély",
    "state_id": 5016,
    "state_code": "48",
    "country_id": 75,
    "country_code": "FR",
    "latitude": "44.31428220",
    "longitude": "3.24531640",
    "native": null,
    "timezone": null,
    "translations": {}
  },
  {
    "id": 155513,
    "name": "Massegros Causses Gorges",
    "state_id": 5016,
    "state_code": "48",
    "country_id": 75,
    "country_code": "FR",
    "latitude": "44.30788700",
    "longitude": "3.04101180",
    "native": null,
    "timezone": null,
    "translations": {}
  },
  {
    "id": 155516,
    "name": "Moissac-Vallée-Française",
    "state_id": 5016,
    "state_code": "48",
    "country_id": 75,
    "country_code": "FR",
    "latitude": "44.15864780",
    "longitude": "3.70981410",
    "native": null,
    "timezone": null,
    "translations": {}
  },
  {
    "id": 155517,
    "name": "Molezon",
    "state_id": 5016,
    "state_code": "48",
    "country_id": 75,
    "country_code": "FR",
    "latitude": "44.21509650",
    "longitude": "3.60879980",
    "native": null,
    "timezone": null,
    "translations": {}
  },
  {
    "id": 155525,
    "name": "Mont Lozère et Goulet",
    "state_id": 5016,
    "state_code": "48",
    "country_id": 75,
    "country_code": "FR",
    "latitude": "44.50942940",
    "longitude": "3.42059060",
    "native": null,
    "timezone": null,
    "translations": {}
  },
  {
    "id": 155526,
    "name": "Montbel",
    "state_id": 5016,
    "state_code": "48",
    "country_id": 75,
    "country_code": "FR",
    "latitude": "44.59911360",
    "longitude": "3.55374580",
    "native": null,
    "timezone": null,
    "translations": {}
  },
  {
    "id": 155528,
    "name": "Monts-de-Randon",
    "state_id": 5016,
    "state_code": "48",
    "country_id": 75,
    "country_code": "FR",
    "latitude": "44.65296610",
    "longitude": "3.31177050",
    "native": null,
    "timezone": null,
    "translations": {}
  },
  {
    "id": 155529,
    "name": "Nasbinals",
    "state_id": 5016,
    "state_code": "48",
    "country_id": 75,
    "country_code": "FR",
    "latitude": "44.64591450",
    "longitude": "2.88171410",
    "native": null,
    "timezone": null,
    "translations": {}
  },
  {
    "id": 155530,
    "name": "Naussac-Fontanes",
    "state_id": 5016,
    "state_code": "48",
    "country_id": 75,
    "country_code": "FR",
    "latitude": "44.76372420",
    "longitude": "3.71633440",
    "native": null,
    "timezone": null,
    "translations": {}
  },
  {
    "id": 155531,
    "name": "Noalhac",
    "state_id": 5016,
    "state_code": "48",
    "country_id": 75,
    "country_code": "FR",
    "latitude": "44.80076880",
    "longitude": "3.04219410",
    "native": null,
    "timezone": null,
    "translations": {}
  },
  {
    "id": 155532,
    "name": "Palhers",
    "state_id": 5016,
    "state_code": "48",
    "country_id": 75,
    "country_code": "FR",
    "latitude": "44.51596940",
    "longitude": "3.26800390",
    "native": null,
    "timezone": null,
    "translations": {}
  },
  {
    "id": 155533,
    "name": "Paulhac-en-Margeride",
    "state_id": 5016,
    "state_code": "48",
    "country_id": 75,
    "country_code": "FR",
    "latitude": "44.94667560",
    "longitude": "3.30312000",
    "native": null,
    "timezone": null,
    "translations": {}
  },
  {
    "id": 155534,
    "name": "Pelouse",
    "state_id": 5016,
    "state_code": "48",
    "country_id": 75,
    "country_code": "FR",
    "latitude": "44.57701030",
    "longitude": "3.52723650",
    "native": null,
    "timezone": null,
    "translations": {}
  },
  {
    "id": 155535,
    "name": "Peyre en Aubrac",
    "state_id": 5016,
    "state_code": "48",
    "country_id": 75,
    "country_code": "FR",
    "latitude": "44.69220010",
    "longitude": "3.10850550",
    "native": null,
    "timezone": null,
    "translations": {}
  },
  {
    "id": 155536,
    "name": "Pied-de-Borne",
    "state_id": 5016,
    "state_code": "48",
    "country_id": 75,
    "country_code": "FR",
    "latitude": "44.48384780",
    "longitude": "3.88625210",
    "native": null,
    "timezone": null,
    "translations": {}
  },
  {
    "id": 155537,
    "name": "Pierrefiche",
    "state_id": 5016,
    "state_code": "48",
    "country_id": 75,
    "country_code": "FR",
    "latitude": "44.68284990",
    "longitude": "3.65209720",
    "native": null,
    "timezone": null,
    "translations": {}
  },
  {
    "id": 155538,
    "name": "Pont-de-Montvert-Sud-Mont-Lozère",
    "state_id": 5016,
    "state_code": "48",
    "country_id": 75,
    "country_code": "FR",
    "latitude": "44.36789890",
    "longitude": "3.44873450",
    "native": null,
    "timezone": null,
    "translations": {}
  },
  {
    "id": 155539,
    "name": "Pourcharesses",
    "state_id": 5016,
    "state_code": "48",
    "country_id": 75,
    "country_code": "FR",
    "latitude": "44.44124690",
    "longitude": "3.80881470",
    "native": null,
    "timezone": null,
    "translations": {}
  },
  {
    "id": 155540,
    "name": "Prévenchères",
    "state_id": 5016,
    "state_code": "48",
    "country_id": 75,
    "country_code": "FR",
    "latitude": "44.51424500",
    "longitude": "3.74741750",
    "native": null,
    "timezone": null,
    "translations": {}
  },
  {
    "id": 155541,
    "name": "Prinsuéjols-Malbouzon",
    "state_id": 5016,
    "state_code": "48",
    "country_id": 75,
    "country_code": "FR",
    "latitude": "44.67858350",
    "longitude": "2.99201520",
    "native": null,
    "timezone": null,
    "translations": {}
  },
  {
    "id": 155542,
    "name": "Prunières",
    "state_id": 5016,
    "state_code": "48",
    "country_id": 75,
    "country_code": "FR",
    "latitude": "44.81860990",
    "longitude": "3.28823790",
    "native": null,
    "timezone": null,
    "translations": {}
  },
  {
    "id": 155543,
    "name": "Recoules-d'Aubrac",
    "state_id": 5016,
    "state_code": "48",
    "country_id": 75,
    "country_code": "FR",
    "latitude": "44.68583470",
    "longitude": "2.87196780",
    "native": null,
    "timezone": null,
    "translations": {}
  },
  {
    "id": 155544,
    "name": "Recoules-de-Fumas",
    "state_id": 5016,
    "state_code": "48",
    "country_id": 75,
    "country_code": "FR",
    "latitude": "44.63265310",
    "longitude": "3.28882170",
    "native": null,
    "timezone": null,
    "translations": {}
  },
  {
    "id": 155545,
    "name": "Rimeize",
    "state_id": 5016,
    "state_code": "48",
    "country_id": 75,
    "country_code": "FR",
    "latitude": "44.76257200",
    "longitude": "3.23712500",
    "native": null,
    "timezone": null,
    "translations": {}
  },
  {
    "id": 155546,
    "name": "Rocles",
    "state_id": 5016,
    "state_code": "48",
    "country_id": 75,
    "country_code": "FR",
    "latitude": "44.57087090",
    "longitude": "4.12631730",
    "native": null,
    "timezone": null,
    "translations": {}
  },
  {
    "id": 155547,
    "name": "Rousses",
    "state_id": 5016,
    "state_code": "48",
    "country_id": 75,
    "country_code": "FR",
    "latitude": "44.19413200",
    "longitude": "3.48743470",
    "native": null,
    "timezone": null,
    "translations": {}
  },
  {
    "id": 155549,
    "name": "Saint-André-Capcèze",
    "state_id": 5016,
    "state_code": "48",
    "country_id": 75,
    "country_code": "FR",
    "latitude": "44.41672230",
    "longitude": "3.90345800",
    "native": null,
    "timezone": null,
    "translations": {}
  },
  {
    "id": 155550,
    "name": "Saint-André-de-Lancize",
    "state_id": 5016,
    "state_code": "48",
    "country_id": 75,
    "country_code": "FR",
    "latitude": "44.27387440",
    "longitude": "3.71686560",
    "native": null,
    "timezone": null,
    "translations": {}
  },
  {
    "id": 155551,
    "name": "Saint-Bauzile",
    "state_id": 5016,
    "state_code": "48",
    "country_id": 75,
    "country_code": "FR",
    "latitude": "44.47013630",
    "longitude": "3.41468500",
    "native": null,
    "timezone": null,
    "translations": {}
  },
  {
    "id": 155552,
    "name": "Saint-Bonnet-de-Chirac",
    "state_id": 5016,
    "state_code": "48",
    "country_id": 75,
    "country_code": "FR",
    "latitude": "44.50208840",
    "longitude": "3.19230680",
    "native": null,
    "timezone": null,
    "translations": {}
  },
  {
    "id": 155553,
    "name": "Saint-Bonnet-Laval",
    "state_id": 5016,
    "state_code": "48",
    "country_id": 75,
    "country_code": "FR",
    "latitude": "44.81039080",
    "longitude": "3.54515400",
    "native": null,
    "timezone": null,
    "translations": {}
  },
  {
    "id": 155554,
    "name": "Saint-Chély-d'Apcher",
    "state_id": 5016,
    "state_code": "48",
    "country_id": 75,
    "country_code": "FR",
    "latitude": "44.81436180",
    "longitude": "3.19610440",
    "native": null,
    "timezone": null,
    "translations": {}
  },
  {
    "id": 155555,
    "name": "Saint-Denis-en-Margeride",
    "state_id": 5016,
    "state_code": "48",
    "country_id": 75,
    "country_code": "FR",
    "latitude": "44.73761140",
    "longitude": "3.30719730",
    "native": null,
    "timezone": null,
    "translations": {}
  },
  {
    "id": 155556,
    "name": "Saint-Étienne-du-Valdonnez",
    "state_id": 5016,
    "state_code": "48",
    "country_id": 75,
    "country_code": "FR",
    "latitude": "44.44475260",
    "longitude": "3.41660100",
    "native": null,
    "timezone": null,
    "translations": {}
  },
  {
    "id": 155557,
    "name": "Saint-Étienne-Vallée-Française",
    "state_id": 5016,
    "state_code": "48",
    "country_id": 75,
    "country_code": "FR",
    "latitude": "44.17352280",
    "longitude": "3.68473080",
    "native": null,
    "timezone": null,
    "translations": {}
  },
  {
    "id": 155558,
    "name": "Saint-Flour-de-Mercoire",
    "state_id": 5016,
    "state_code": "48",
    "country_id": 75,
    "country_code": "FR",
    "latitude": "44.68234050",
    "longitude": "3.79020970",
    "native": null,
    "timezone": null,
    "translations": {}
  },
  {
    "id": 155559,
    "name": "Saint-Frézal-d'Albuges",
    "state_id": 5016,
    "state_code": "48",
    "country_id": 75,
    "country_code": "FR",
    "latitude": "44.57849670",
    "longitude": "3.68309500",
    "native": null,
    "timezone": null,
    "translations": {}
  },
  {
    "id": 155560,
    "name": "Saint-Gal",
    "state_id": 5016,
    "state_code": "48",
    "country_id": 75,
    "country_code": "FR",
    "latitude": "44.66778650",
    "longitude": "3.33398210",
    "native": null,
    "timezone": null,
    "translations": {}
  },
  {
    "id": 155561,
    "name": "Saint-Germain-de-Calberte",
    "state_id": 5016,
    "state_code": "48",
    "country_id": 75,
    "country_code": "FR",
    "latitude": "44.22617030",
    "longitude": "3.65720480",
    "native": null,
    "timezone": null,
    "translations": {}
  },
  {
    "id": 155562,
    "name": "Saint-Germain-du-Teil",
    "state_id": 5016,
    "state_code": "48",
    "country_id": 75,
    "country_code": "FR",
    "latitude": "44.48409990",
    "longitude": "3.09280920",
    "native": null,
    "timezone": null,
    "translations": {}
  },
  {
    "id": 155563,
    "name": "Saint-Hilaire-de-Lavit",
    "state_id": 5016,
    "state_code": "48",
    "country_id": 75,
    "country_code": "FR",
    "latitude": "44.25207830",
    "longitude": "3.81401230",
    "native": null,
    "timezone": null,
    "translations": {}
  },
  {
    "id": 155564,
    "name": "Saint-Jean-la-Fouillouse",
    "state_id": 5016,
    "state_code": "48",
    "country_id": 75,
    "country_code": "FR",
    "latitude": "44.70523380",
    "longitude": "3.61016210",
    "native": null,
    "timezone": null,
    "translations": {}
  },
  {
    "id": 155565,
    "name": "Saint-Juéry",
    "state_id": 5016,
    "state_code": "48",
    "country_id": 75,
    "country_code": "FR",
    "latitude": "43.93532530",
    "longitude": "2.14660510",
    "native": null,
    "timezone": null,
    "translations": {}
  },
  {
    "id": 155566,
    "name": "Saint-Julien-des-Points",
    "state_id": 5016,
    "state_code": "48",
    "country_id": 75,
    "country_code": "FR",
    "latitude": "44.25946230",
    "longitude": "3.92002430",
    "native": null,
    "timezone": null,
    "translations": {}
  },
  {
    "id": 155567,
    "name": "Saint-Laurent-de-Muret",
    "state_id": 5016,
    "state_code": "48",
    "country_id": 75,
    "country_code": "FR",
    "latitude": "44.60011620",
    "longitude": "3.17524240",
    "native": null,
    "timezone": null,
    "translations": {}
  },
  {
    "id": 155568,
    "name": "Saint-Laurent-de-Veyrès",
    "state_id": 5016,
    "state_code": "48",
    "country_id": 75,
    "country_code": "FR",
    "latitude": "44.76621220",
    "longitude": "3.08198030",
    "native": null,
    "timezone": null,
    "translations": {}
  },
  {
    "id": 155569,
    "name": "Saint-Léger-de-Peyre",
    "state_id": 5016,
    "state_code": "48",
    "country_id": 75,
    "country_code": "FR",
    "latitude": "44.60480410",
    "longitude": "3.22370540",
    "native": null,
    "timezone": null,
    "translations": {}
  },
  {
    "id": 155570,
    "name": "Saint-Léger-du-Malzieu",
    "state_id": 5016,
    "state_code": "48",
    "country_id": 75,
    "country_code": "FR",
    "latitude": "44.89768500",
    "longitude": "3.23202580",
    "native": null,
    "timezone": null,
    "translations": {}
  },
  {
    "id": 155571,
    "name": "Saint-Martin-de-Boubaux",
    "state_id": 5016,
    "state_code": "48",
    "country_id": 75,
    "country_code": "FR",
    "latitude": "44.19272020",
    "longitude": "3.84456680",
    "native": null,
    "timezone": null,
    "translations": {}
  },
  {
    "id": 155572,
    "name": "Saint-Martin-de-Lansuscle",
    "state_id": 5016,
    "state_code": "48",
    "country_id": 75,
    "country_code": "FR",
    "latitude": "44.21893950",
    "longitude": "3.66705490",
    "native": null,
    "timezone": null,
    "translations": {}
  },
  {
    "id": 155573,
    "name": "Saint-Michel-de-Dèze",
    "state_id": 5016,
    "state_code": "48",
    "country_id": 75,
    "country_code": "FR",
    "latitude": "44.24700130",
    "longitude": "3.79872580",
    "native": null,
    "timezone": null,
    "translations": {}
  },
  {
    "id": 155574,
    "name": "Saint-Paul-le-Froid",
    "state_id": 5016,
    "state_code": "48",
    "country_id": 75,
    "country_code": "FR",
    "latitude": "44.79320180",
    "longitude": "3.45821820",
    "native": null,
    "timezone": null,
    "translations": {}
  },
  {
    "id": 155575,
    "name": "Saint-Pierre-de-Nogaret",
    "state_id": 5016,
    "state_code": "48",
    "country_id": 75,
    "country_code": "FR",
    "latitude": "44.48953010",
    "longitude": "3.04339900",
    "native": null,
    "timezone": null,
    "translations": {}
  },
  {
    "id": 155576,
    "name": "Saint-Pierre-des-Tripiers",
    "state_id": 5016,
    "state_code": "48",
    "country_id": 75,
    "country_code": "FR",
    "latitude": "44.22415590",
    "longitude": "3.11045630",
    "native": null,
    "timezone": null,
    "translations": {}
  },
  {
    "id": 155577,
    "name": "Saint-Pierre-le-Vieux",
    "state_id": 5016,
    "state_code": "48",
    "country_id": 75,
    "country_code": "FR",
    "latitude": "44.84380490",
    "longitude": "3.26688980",
    "native": null,
    "timezone": null,
    "translations": {}
  },
  {
    "id": 155578,
    "name": "Saint-Privat-de-Vallongue",
    "state_id": 5016,
    "state_code": "48",
    "country_id": 75,
    "country_code": "FR",
    "latitude": "44.28850720",
    "longitude": "3.75182180",
    "native": null,
    "timezone": null,
    "translations": {}
  },
  {
    "id": 155579,
    "name": "Saint-Privat-du-Fau",
    "state_id": 5016,
    "state_code": "48",
    "country_id": 75,
    "country_code": "FR",
    "latitude": "44.91700160",
    "longitude": "3.27750610",
    "native": null,
    "timezone": null,
    "translations": {}
  },
  {
    "id": 155580,
    "name": "Saint-Saturnin",
    "state_id": 5016,
    "state_code": "48",
    "country_id": 75,
    "country_code": "FR",
    "latitude": "44.40588570",
    "longitude": "3.15374590",
    "native": null,
    "timezone": null,
    "translations": {}
  },
  {
    "id": 155581,
    "name": "Saint-Sauveur-de-Ginestoux",
    "state_id": 5016,
    "state_code": "48",
    "country_id": 75,
    "country_code": "FR",
    "latitude": "44.71033430",
    "longitude": "3.52497510",
    "native": null,
    "timezone": null,
    "translations": {}
  },
  {
    "id": 155582,
    "name": "Sainte-Croix-Vallée-Française",
    "state_id": 5016,
    "state_code": "48",
    "country_id": 75,
    "country_code": "FR",
    "latitude": "44.18672320",
    "longitude": "3.66298360",
    "native": null,
    "timezone": null,
    "translations": {}
  },
  {
    "id": 155583,
    "name": "Sainte-Eulalie",
    "state_id": 5016,
    "state_code": "48",
    "country_id": 75,
    "country_code": "FR",
    "latitude": "44.78306400",
    "longitude": "3.40900710",
    "native": null,
    "timezone": null,
    "translations": {}
  },
  {
    "id": 155584,
    "name": "Sainte-Hélène",
    "state_id": 5016,
    "state_code": "48",
    "country_id": 75,
    "country_code": "FR",
    "latitude": "44.51915320",
    "longitude": "3.56117250",
    "native": null,
    "timezone": null,
    "translations": {}
  },
  {
    "id": 155585,
    "name": "Serverette",
    "state_id": 5016,
    "state_code": "48",
    "country_id": 75,
    "country_code": "FR",
    "latitude": "44.70075330",
    "longitude": "3.30951210",
    "native": null,
    "timezone": null,
    "translations": {}
  },
  {
    "id": 155586,
    "name": "Termes",
    "state_id": 5016,
    "state_code": "48",
    "country_id": 75,
    "country_code": "FR",
    "latitude": "44.82182220",
    "longitude": "3.08602160",
    "native": null,
    "timezone": null,
    "translations": {}
  },
  {
    "id": 155587,
    "name": "Trélans",
    "state_id": 5016,
    "state_code": "48",
    "country_id": 75,
    "country_code": "FR",
    "latitude": "44.52462660",
    "longitude": "3.01873960",
    "native": null,
    "timezone": null,
    "translations": {}
  },
  {
    "id": 155588,
    "name": "Vebron",
    "state_id": 5016,
    "state_code": "48",
    "country_id": 75,
    "country_code": "FR",
    "latitude": "44.25120990",
    "longitude": "3.38466000",
    "native": null,
    "timezone": null,
    "translations": {}
  },
  {
    "id": 155589,
    "name": "Ventalon-en-Cévennes",
    "state_id": 5016,
    "state_code": "48",
    "country_id": 75,
    "country_code": "FR",
    "latitude": "44.29743370",
    "longitude": "3.79415850",
    "native": null,
    "timezone": null,
    "translations": {}
  },
  {
    "id": 155590,
    "name": "Vialas",
    "state_id": 5016,
    "state_code": "48",
    "country_id": 75,
    "country_code": "FR",
    "latitude": "44.34648860",
    "longitude": "3.72856860",
    "native": null,
    "timezone": null,
    "translations": {}
  },
  {
    "id": 155591,
    "name": "Villefort",
    "state_id": 5016,
    "state_code": "48",
    "country_id": 75,
    "country_code": "FR",
    "latitude": "44.44290390",
    "longitude": "3.88818020",
    "native": null,
    "timezone": null,
    "translations": {}
  }
]