[
  {
    "id": 1679,
    "name": "Abruzzo",
    "country_id": 107,
    "country_code": "IT",
    "fips_code": null,
    "iso2": "65",
    "type": "region",
    "latitude": "42.22768100",
    "longitude": "13.85498300",
    "native": "Abruzzo",
    "timezone": "Europe/Rome",
    "translations": {}
  },
  {
    "id": 1727,
    "name": "Agrigento",
    "country_id": 107,
    "country_code": "IT",
    "fips_code": null,
    "iso2": "AG",
    "type": "free municipal consortium",
    "latitude": "37.31229910",
    "longitude": "13.57465000",
    "native": "Agrigento",
    "timezone": "Europe/Rome",
    "translations": {}
  },
  {
    "id": 1783,
    "name": "Alessandria",
    "country_id": 107,
    "country_code": "IT",
    "fips_code": null,
    "iso2": "AL",
    "type": "province",
    "latitude": "44.83495330",
    "longitude": "8.74503040",
    "native": "Alessandria",
    "timezone": "Europe/Rome",
    "translations": {}
  },
  {
    "id": 1672,
    "name": "Ancona",
    "country_id": 107,
    "country_code": "IT",
    "fips_code": null,
    "iso2": "AN",
    "type": "province",
    "latitude": "43.48011890",
    "longitude": "13.21872790",
    "native": "Ancona",
    "timezone": "Europe/Rome",
    "translations": {}
  },
  {
    "id": 1716,
    "name": "Aosta Valley",
    "country_id": 107,
    "country_code": "IT",
    "fips_code": null,
    "iso2": "23",
    "type": "autonomous region",
    "latitude": "45.73009900",
    "longitude": "7.38742600",
    "native": "Usando",
    "timezone": "Europe/Rome",
    "translations": {}
  },
  {
    "id": 1688,
    "name": "Apulia",
    "country_id": 107,
    "country_code": "IT",
    "fips_code": null,
    "iso2": "75",
    "type": "region",
    "latitude": "40.98425390",
    "longitude": "16.62100270",
    "native": "Apulia",
    "timezone": "Europe/Rome",
    "translations": {}
  },
  {
    "id": 1761,
    "name": "Arezzo",
    "country_id": 107,
    "country_code": "IT",
    "fips_code": null,
    "iso2": "AR",
    "type": "province",
    "latitude": "43.51714420",
    "longitude": "11.76392820",
    "native": "Arezzo",
    "timezone": "Europe/Rome",
    "translations": {}
  },
  {
    "id": 1681,
    "name": "Ascoli Piceno",
    "country_id": 107,
    "country_code": "IT",
    "fips_code": null,
    "iso2": "AP",
    "type": "province",
    "latitude": "42.85461850",
    "longitude": "13.57550380",
    "native": "Ascoli Piceno",
    "timezone": "Europe/Rome",
    "translations": {}
  },
  {
    "id": 1780,
    "name": "Asti",
    "country_id": 107,
    "country_code": "IT",
    "fips_code": null,
    "iso2": "AT",
    "type": "province",
    "latitude": "44.90076520",
    "longitude": "8.20643150",
    "native": "Asti",
    "timezone": "Europe/Rome",
    "translations": {}
  },
  {
    "id": 1692,
    "name": "Avellino",
    "country_id": 107,
    "country_code": "IT",
    "fips_code": null,
    "iso2": "AV",
    "type": "province",
    "latitude": "40.99654460",
    "longitude": "15.14056900",
    "native": "Avellino",
    "timezone": "Europe/Rome",
    "translations": {}
  },
  {
    "id": 1686,
    "name": "Barletta-Andria-Trani",
    "country_id": 107,
    "country_code": "IT",
    "fips_code": null,
    "iso2": "BT",
    "type": "province",
    "latitude": "41.18017200",
    "longitude": "16.14664080",
    "native": "Barletta-Andria-Trani",
    "timezone": "Europe/Rome",
    "translations": {}
  },
  {
    "id": 1706,
    "name": "Basilicata",
    "country_id": 107,
    "country_code": "IT",
    "fips_code": null,
    "iso2": "77",
    "type": "region",
    "latitude": "40.50057100",
    "longitude": "16.08195300",
    "native": "Basilicata",
    "timezone": "Europe/Rome",
    "translations": {}
  },
  {
    "id": 1689,
    "name": "Belluno",
    "country_id": 107,
    "country_code": "IT",
    "fips_code": null,
    "iso2": "BL",
    "type": "province",
    "latitude": "46.28054070",
    "longitude": "12.07891370",
    "native": "Belluno",
    "timezone": "Europe/Rome",
    "translations": {}
  },
  {
    "id": 1701,
    "name": "Benevento",
    "country_id": 107,
    "country_code": "IT",
    "fips_code": null,
    "iso2": "BN",
    "type": "province",
    "latitude": "41.24763070",
    "longitude": "14.70570540",
    "native": "Benevento",
    "timezone": "Europe/Rome",
    "translations": {}
  },
  {
    "id": 1704,
    "name": "Bergamo",
    "country_id": 107,
    "country_code": "IT",
    "fips_code": null,
    "iso2": "BG",
    "type": "province",
    "latitude": "45.69826420",
    "longitude": "9.67726980",
    "native": "Bergamo",
    "timezone": "Europe/Rome",
    "translations": {}
  },
  {
    "id": 1778,
    "name": "Biella",
    "country_id": 107,
    "country_code": "IT",
    "fips_code": null,
    "iso2": "BI",
    "type": "province",
    "latitude": "45.56281760",
    "longitude": "8.05827170",
    "native": "Biella",
    "timezone": "Europe/Rome",
    "translations": {}
  },
  {
    "id": 1717,
    "name": "Brescia",
    "country_id": 107,
    "country_code": "IT",
    "fips_code": null,
    "iso2": "BS",
    "type": "province",
    "latitude": "45.54155260",
    "longitude": "10.21180190",
    "native": "Brescia",
    "timezone": "Europe/Rome",
    "translations": {}
  },
  {
    "id": 1714,
    "name": "Brindisi",
    "country_id": 107,
    "country_code": "IT",
    "fips_code": null,
    "iso2": "BR",
    "type": "province",
    "latitude": "40.63585990",
    "longitude": "17.68849750",
    "native": "Brindisi",
    "timezone": "Europe/Rome",
    "translations": {}
  },
  {
    "id": 1703,
    "name": "Calabria",
    "country_id": 107,
    "country_code": "IT",
    "fips_code": null,
    "iso2": "78",
    "type": "region",
    "latitude": "39.05659740",
    "longitude": "16.52498640",
    "native": "Calabria",
    "timezone": "Europe/Rome",
    "translations": {}
  },
  {
    "id": 1718,
    "name": "Caltanissetta",
    "country_id": 107,
    "country_code": "IT",
    "fips_code": null,
    "iso2": "CL",
    "type": "free municipal consortium",
    "latitude": "37.48601300",
    "longitude": "14.06149820",
    "native": "Caltanissetta",
    "timezone": "Europe/Rome",
    "translations": {}
  },
  {
    "id": 1669,
    "name": "Campania",
    "country_id": 107,
    "country_code": "IT",
    "fips_code": null,
    "iso2": "72",
    "type": "region",
    "latitude": "40.86067200",
    "longitude": "14.84398400",
    "native": "Campania",
    "timezone": "Europe/Rome",
    "translations": {}
  },
  {
    "id": 1721,
    "name": "Campobasso",
    "country_id": 107,
    "country_code": "IT",
    "fips_code": null,
    "iso2": "CB",
    "type": "province",
    "latitude": "41.71726480",
    "longitude": "14.82622670",
    "native": "Campobasso",
    "timezone": "Europe/Rome",
    "translations": {}
  },
  {
    "id": 1731,
    "name": "Caserta",
    "country_id": 107,
    "country_code": "IT",
    "fips_code": null,
    "iso2": "CE",
    "type": "province",
    "latitude": "41.20351920",
    "longitude": "14.11686240",
    "native": "Caserta",
    "timezone": "Europe/Rome",
    "translations": {}
  },
  {
    "id": 1728,
    "name": "Catanzaro",
    "country_id": 107,
    "country_code": "IT",
    "fips_code": null,
    "iso2": "CZ",
    "type": "province",
    "latitude": "38.82996030",
    "longitude": "16.43155690",
    "native": "Catanzaro",
    "timezone": "Europe/Rome",
    "translations": {}
  },
  {
    "id": 1739,
    "name": "Chieti",
    "country_id": 107,
    "country_code": "IT",
    "fips_code": null,
    "iso2": "CH",
    "type": "province",
    "latitude": "42.10269280",
    "longitude": "14.41590530",
    "native": "Chieti",
    "timezone": "Europe/Rome",
    "translations": {}
  },
  {
    "id": 1740,
    "name": "Como",
    "country_id": 107,
    "country_code": "IT",
    "fips_code": null,
    "iso2": "CO",
    "type": "province",
    "latitude": "45.80804160",
    "longitude": "9.08517930",
    "native": "COME",
    "timezone": "Europe/Rome",
    "translations": {}
  },
  {
    "id": 1742,
    "name": "Cosenza",
    "country_id": 107,
    "country_code": "IT",
    "fips_code": null,
    "iso2": "CS",
    "type": "province",
    "latitude": "39.59668530",
    "longitude": "16.33305560",
    "native": "Cosenza",
    "timezone": "Europe/Rome",
    "translations": {}
  },
  {
    "id": 1751,
    "name": "Cremona",
    "country_id": 107,
    "country_code": "IT",
    "fips_code": null,
    "iso2": "CR",
    "type": "province",
    "latitude": "45.22086410",
    "longitude": "10.03703800",
    "native": "Cremona",
    "timezone": "Europe/Rome",
    "translations": {}
  },
  {
    "id": 1754,
    "name": "Crotone",
    "country_id": 107,
    "country_code": "IT",
    "fips_code": null,
    "iso2": "KR",
    "type": "province",
    "latitude": "39.08062230",
    "longitude": "17.12719600",
    "native": "Crotone",
    "timezone": "Europe/Rome",
    "translations": {}
  },
  {
    "id": 1775,
    "name": "Cuneo",
    "country_id": 107,
    "country_code": "IT",
    "fips_code": null,
    "iso2": "CN",
    "type": "province",
    "latitude": "44.45807030",
    "longitude": "7.55813670",
    "native": "Cuneo",
    "timezone": "Europe/Rome",
    "translations": {}
  },
  {
    "id": 1773,
    "name": "Emilia-Romagna",
    "country_id": 107,
    "country_code": "IT",
    "fips_code": null,
    "iso2": "45",
    "type": "region",
    "latitude": "44.52569600",
    "longitude": "11.03943700",
    "native": "Emilia-Romagna",
    "timezone": "Europe/Rome",
    "translations": {}
  },
  {
    "id": 1723,
    "name": "Enna",
    "country_id": 107,
    "country_code": "IT",
    "fips_code": null,
    "iso2": "EN",
    "type": "free municipal consortium",
    "latitude": "37.56762160",
    "longitude": "14.27953490",
    "native": "Enna",
    "timezone": "Europe/Rome",
    "translations": {}
  },
  {
    "id": 1744,
    "name": "Fermo",
    "country_id": 107,
    "country_code": "IT",
    "fips_code": null,
    "iso2": "FM",
    "type": "province",
    "latitude": "43.09224890",
    "longitude": "13.63876810",
    "native": "Fermo",
    "timezone": "Europe/Rome",
    "translations": {}
  },
  {
    "id": 1746,
    "name": "Ferrara",
    "country_id": 107,
    "country_code": "IT",
    "fips_code": null,
    "iso2": "FE",
    "type": "province",
    "latitude": "44.76676420",
    "longitude": "11.82793900",
    "native": "Ferrara",
    "timezone": "Europe/Rome",
    "translations": {}
  },
  {
    "id": 1771,
    "name": "Foggia",
    "country_id": 107,
    "country_code": "IT",
    "fips_code": null,
    "iso2": "FG",
    "type": "province",
    "latitude": "41.50281050",
    "longitude": "15.45289390",
    "native": "Foggia",
    "timezone": "Europe/Rome",
    "translations": {}
  },
  {
    "id": 1779,
    "name": "Forlì-Cesena",
    "country_id": 107,
    "country_code": "IT",
    "fips_code": null,
    "iso2": "FC",
    "type": "province",
    "latitude": "44.02271930",
    "longitude": "12.01410360",
    "native": "Forlì-Cesena",
    "timezone": "Europe/Rome",
    "translations": {}
  },
  {
    "id": 1756,
    "name": "Friuli–Venezia Giulia",
    "country_id": 107,
    "country_code": "IT",
    "fips_code": null,
    "iso2": "36",
    "type": "autonomous region",
    "latitude": "46.15104200",
    "longitude": "13.05590400",
    "native": "Friuli–Venezia Giulia",
    "timezone": "Europe/Rome",
    "translations": {}
  },
  {
    "id": 1776,
    "name": "Frosinone",
    "country_id": 107,
    "country_code": "IT",
    "fips_code": null,
    "iso2": "FR",
    "type": "province",
    "latitude": "41.62854680",
    "longitude": "13.57584980",
    "native": "Frosinone",
    "timezone": "Europe/Rome",
    "translations": {}
  },
  {
    "id": 1777,
    "name": "Gorizia",
    "country_id": 107,
    "country_code": "IT",
    "fips_code": null,
    "iso2": "GO",
    "type": "decentralized regional entity",
    "latitude": "45.86252100",
    "longitude": "13.49792590",
    "native": "Gorizia",
    "timezone": "Europe/Rome",
    "translations": {}
  },
  {
    "id": 1787,
    "name": "Grosseto",
    "country_id": 107,
    "country_code": "IT",
    "fips_code": null,
    "iso2": "GR",
    "type": "province",
    "latitude": "42.77511020",
    "longitude": "11.28780440",
    "native": "Grosseto",
    "timezone": "Europe/Rome",
    "translations": {}
  },
  {
    "id": 1788,
    "name": "Imperia",
    "country_id": 107,
    "country_code": "IT",
    "fips_code": null,
    "iso2": "IM",
    "type": "province",
    "latitude": "43.95837530",
    "longitude": "7.86674270",
    "native": "Imperia",
    "timezone": "Europe/Rome",
    "translations": {}
  },
  {
    "id": 1789,
    "name": "Isernia",
    "country_id": 107,
    "country_code": "IT",
    "fips_code": null,
    "iso2": "IS",
    "type": "province",
    "latitude": "41.60017500",
    "longitude": "14.23830170",
    "native": "Isernia",
    "timezone": "Europe/Rome",
    "translations": {}
  },
  {
    "id": 1781,
    "name": "L'Aquila",
    "country_id": 107,
    "country_code": "IT",
    "fips_code": null,
    "iso2": "AQ",
    "type": "province",
    "latitude": "42.13688530",
    "longitude": "13.61034100",
    "native": "L'Aquila",
    "timezone": "Europe/Rome",
    "translations": {}
  },
  {
    "id": 1791,
    "name": "La Spezia",
    "country_id": 107,
    "country_code": "IT",
    "fips_code": null,
    "iso2": "SP",
    "type": "province",
    "latitude": "44.23836600",
    "longitude": "9.69123260",
    "native": "La Spezia",
    "timezone": "Europe/Rome",
    "translations": {}
  },
  {
    "id": 1674,
    "name": "Latina",
    "country_id": 107,
    "country_code": "IT",
    "fips_code": null,
    "iso2": "LT",
    "type": "province",
    "latitude": "41.45952610",
    "longitude": "13.01259120",
    "native": "Latina",
    "timezone": "Europe/Rome",
    "translations": {}
  },
  {
    "id": 1678,
    "name": "Lazio",
    "country_id": 107,
    "country_code": "IT",
    "fips_code": null,
    "iso2": "62",
    "type": "region",
    "latitude": "41.98080380",
    "longitude": "12.76623120",
    "native": "Lazio",
    "timezone": "Europe/Rome",
    "translations": {}
  },
  {
    "id": 1675,
    "name": "Lecce",
    "country_id": 107,
    "country_code": "IT",
    "fips_code": null,
    "iso2": "LE",
    "type": "province",
    "latitude": "40.15221730",
    "longitude": "18.22606280",
    "native": "Lecce",
    "timezone": "Europe/Rome",
    "translations": {}
  },
  {
    "id": 1677,
    "name": "Lecco",
    "country_id": 107,
    "country_code": "IT",
    "fips_code": null,
    "iso2": "LC",
    "type": "province",
    "latitude": "45.90054850",
    "longitude": "9.41202480",
    "native": "Lecco",
    "timezone": "Europe/Rome",
    "translations": {}
  },
  {
    "id": 1768,
    "name": "Liguria",
    "country_id": 107,
    "country_code": "IT",
    "fips_code": null,
    "iso2": "42",
    "type": "region",
    "latitude": "44.47776170",
    "longitude": "8.70262960",
    "native": "Liguria",
    "timezone": "Europe/Rome",
    "translations": {}
  },
  {
    "id": 1745,
    "name": "Livorno",
    "country_id": 107,
    "country_code": "IT",
    "fips_code": null,
    "iso2": "LI",
    "type": "province",
    "latitude": "42.79023790",
    "longitude": "10.34022390",
    "native": "Livorno",
    "timezone": "Europe/Rome",
    "translations": {}
  },
  {
    "id": 1747,
    "name": "Lodi",
    "country_id": 107,
    "country_code": "IT",
    "fips_code": null,
    "iso2": "LO",
    "type": "province",
    "latitude": "45.26131040",
    "longitude": "9.49167810",
    "native": "Lodi",
    "timezone": "Europe/Rome",
    "translations": {}
  },
  {
    "id": 1705,
    "name": "Lombardy",
    "country_id": 107,
    "country_code": "IT",
    "fips_code": null,
    "iso2": "25",
    "type": "region",
    "latitude": "45.57036940",
    "longitude": "9.77325240",
    "native": "Lombardia",
    "timezone": "Europe/Rome",
    "translations": {}
  },
  {
    "id": 1749,
    "name": "Lucca",
    "country_id": 107,
    "country_code": "IT",
    "fips_code": null,
    "iso2": "LU",
    "type": "province",
    "latitude": "43.83767360",
    "longitude": "10.49505300",
    "native": "Lucca",
    "timezone": "Europe/Rome",
    "translations": {}
  },
  {
    "id": 1750,
    "name": "Macerata",
    "country_id": 107,
    "country_code": "IT",
    "fips_code": null,
    "iso2": "MC",
    "type": "province",
    "latitude": "43.15297810",
    "longitude": "13.15088220",
    "native": "Macerata",
    "timezone": "Europe/Rome",
    "translations": {}
  },
  {
    "id": 1758,
    "name": "Mantua",
    "country_id": 107,
    "country_code": "IT",
    "fips_code": null,
    "iso2": "MN",
    "type": "province",
    "latitude": "45.15666830",
    "longitude": "10.79171910",
    "native": "Mantova",
    "timezone": "Europe/Rome",
    "translations": {}
  },
  {
    "id": 1670,
    "name": "Marche",
    "country_id": 107,
    "country_code": "IT",
    "fips_code": null,
    "iso2": "57",
    "type": "region",
    "latitude": "43.34583880",
    "longitude": "13.14158720",
    "native": "Marche",
    "timezone": "Europe/Rome",
    "translations": {}
  },
  {
    "id": 1759,
    "name": "Massa and Carrara",
    "country_id": 107,
    "country_code": "IT",
    "fips_code": null,
    "iso2": "MS",
    "type": "province",
    "latitude": "44.04101620",
    "longitude": "10.15549220",
    "native": "Massa e Carrara",
    "timezone": "Europe/Rome",
    "translations": {}
  },
  {
    "id": 1760,
    "name": "Matera",
    "country_id": 107,
    "country_code": "IT",
    "fips_code": null,
    "iso2": "MT",
    "type": "province",
    "latitude": "40.66634960",
    "longitude": "16.60436360",
    "native": "Matera",
    "timezone": "Europe/Rome",
    "translations": {}
  },
  {
    "id": 1757,
    "name": "Modena",
    "country_id": 107,
    "country_code": "IT",
    "fips_code": null,
    "iso2": "MO",
    "type": "province",
    "latitude": "44.53847280",
    "longitude": "10.93596090",
    "native": "Modena",
    "timezone": "Europe/Rome",
    "translations": {}
  },
  {
    "id": 1695,
    "name": "Molise",
    "country_id": 107,
    "country_code": "IT",
    "fips_code": null,
    "iso2": "67",
    "type": "region",
    "latitude": "41.63082800",
    "longitude": "14.49292500",
    "native": "Molise",
    "timezone": "Europe/Rome",
    "translations": {}
  },
  {
    "id": 1769,
    "name": "Monza and Brianza",
    "country_id": 107,
    "country_code": "IT",
    "fips_code": null,
    "iso2": "MB",
    "type": "province",
    "latitude": "45.63954180",
    "longitude": "9.27883040",
    "native": "Monza and Brianza",
    "timezone": "Europe/Rome",
    "translations": {}
  },
  {
    "id": 1774,
    "name": "Novara",
    "country_id": 107,
    "country_code": "IT",
    "fips_code": null,
    "iso2": "NO",
    "type": "province",
    "latitude": "45.58425000",
    "longitude": "8.54599700",
    "native": "Novara",
    "timezone": "Europe/Rome",
    "translations": {}
  },
  {
    "id": 1790,
    "name": "Nuoro",
    "country_id": 107,
    "country_code": "IT",
    "fips_code": null,
    "iso2": "NU",
    "type": "province",
    "latitude": "40.32106010",
    "longitude": "9.32973390",
    "native": "Nuoro",
    "timezone": "Europe/Rome",
    "translations": {}
  },
  {
    "id": 1786,
    "name": "Oristano",
    "country_id": 107,
    "country_code": "IT",
    "fips_code": null,
    "iso2": "OR",
    "type": "province",
    "latitude": "40.02656760",
    "longitude": "8.67964160",
    "native": "Oristano",
    "timezone": "Europe/Rome",
    "translations": {}
  },
  {
    "id": 1665,
    "name": "Padua",
    "country_id": 107,
    "country_code": "IT",
    "fips_code": null,
    "iso2": "PD",
    "type": "province",
    "latitude": "45.39140800",
    "longitude": "11.80584870",
    "native": "Padova",
    "timezone": "Europe/Rome",
    "translations": {}
  },
  {
    "id": 1668,
    "name": "Palermo",
    "country_id": 107,
    "country_code": "IT",
    "fips_code": null,
    "iso2": "PA",
    "type": "metropolitan city",
    "latitude": "38.11569000",
    "longitude": "13.36148680",
    "native": "Palermo",
    "timezone": "Europe/Rome",
    "translations": {}
  },
  {
    "id": 1666,
    "name": "Parma",
    "country_id": 107,
    "country_code": "IT",
    "fips_code": null,
    "iso2": "PR",
    "type": "province",
    "latitude": "44.80153220",
    "longitude": "10.32793540",
    "native": "Parma",
    "timezone": "Europe/Rome",
    "translations": {}
  },
  {
    "id": 1676,
    "name": "Pavia",
    "country_id": 107,
    "country_code": "IT",
    "fips_code": null,
    "iso2": "PV",
    "type": "province",
    "latitude": "45.18600430",
    "longitude": "9.15463750",
    "native": "Pavia",
    "timezone": "Europe/Rome",
    "translations": {}
  },
  {
    "id": 1691,
    "name": "Perugia",
    "country_id": 107,
    "country_code": "IT",
    "fips_code": null,
    "iso2": "PG",
    "type": "province",
    "latitude": "43.11196130",
    "longitude": "12.38901040",
    "native": "Perugia",
    "timezone": "Europe/Rome",
    "translations": {}
  },
  {
    "id": 1693,
    "name": "Pesaro and Urbino",
    "country_id": 107,
    "country_code": "IT",
    "fips_code": null,
    "iso2": "PU",
    "type": "province",
    "latitude": "43.61301180",
    "longitude": "12.71351210",
    "native": "Pesaro and Urbino",
    "timezone": "Europe/Rome",
    "translations": {}
  },
  {
    "id": 1694,
    "name": "Pescara",
    "country_id": 107,
    "country_code": "IT",
    "fips_code": null,
    "iso2": "PE",
    "type": "province",
    "latitude": "42.31026190",
    "longitude": "13.95759010",
    "native": "Pescara",
    "timezone": "Europe/Rome",
    "translations": {}
  },
  {
    "id": 1696,
    "name": "Piacenza",
    "country_id": 107,
    "country_code": "IT",
    "fips_code": null,
    "iso2": "PC",
    "type": "province",
    "latitude": "44.84763520",
    "longitude": "9.66653130",
    "native": "Piacenza",
    "timezone": "Europe/Rome",
    "translations": {}
  },
  {
    "id": 1702,
    "name": "Piedmont",
    "country_id": 107,
    "country_code": "IT",
    "fips_code": null,
    "iso2": "21",
    "type": "region",
    "latitude": "45.06073500",
    "longitude": "7.92354900",
    "native": "Piemonte",
    "timezone": "Europe/Rome",
    "translations": {}
  },
  {
    "id": 1685,
    "name": "Pisa",
    "country_id": 107,
    "country_code": "IT",
    "fips_code": null,
    "iso2": "PI",
    "type": "province",
    "latitude": "43.72283150",
    "longitude": "10.40171940",
    "native": "Pisa",
    "timezone": "Europe/Rome",
    "translations": {}
  },
  {
    "id": 1687,
    "name": "Pistoia",
    "country_id": 107,
    "country_code": "IT",
    "fips_code": null,
    "iso2": "PT",
    "type": "province",
    "latitude": "43.97409570",
    "longitude": "10.86870810",
    "native": "Pistoia",
    "timezone": "Europe/Rome",
    "translations": {}
  },
  {
    "id": 1690,
    "name": "Pordenone",
    "country_id": 107,
    "country_code": "IT",
    "fips_code": null,
    "iso2": "PN",
    "type": "decentralized regional entity",
    "latitude": "46.10173670",
    "longitude": "12.70390280",
    "native": "Pordenone",
    "timezone": "Europe/Rome",
    "translations": {}
  },
  {
    "id": 1697,
    "name": "Potenza",
    "country_id": 107,
    "country_code": "IT",
    "fips_code": null,
    "iso2": "PZ",
    "type": "province",
    "latitude": "40.51731190",
    "longitude": "15.82160880",
    "native": "Potenza",
    "timezone": "Europe/Rome",
    "translations": {}
  },
  {
    "id": 1700,
    "name": "Prato",
    "country_id": 107,
    "country_code": "IT",
    "fips_code": null,
    "iso2": "PO",
    "type": "province",
    "latitude": "43.93571810",
    "longitude": "11.09414730",
    "native": "Prato",
    "timezone": "Europe/Rome",
    "translations": {}
  },
  {
    "id": 1729,
    "name": "Ragusa",
    "country_id": 107,
    "country_code": "IT",
    "fips_code": null,
    "iso2": "RG",
    "type": "free municipal consortium",
    "latitude": "36.92692730",
    "longitude": "14.72551290",
    "native": "Ragusa",
    "timezone": "Europe/Rome",
    "translations": {}
  },
  {
    "id": 1707,
    "name": "Ravenna",
    "country_id": 107,
    "country_code": "IT",
    "fips_code": null,
    "iso2": "RA",
    "type": "province",
    "latitude": "44.41844430",
    "longitude": "12.20359980",
    "native": "Ravenna",
    "timezone": "Europe/Rome",
    "translations": {}
  },
  {
    "id": 1708,
    "name": "Reggio Emilia",
    "country_id": 107,
    "country_code": "IT",
    "fips_code": null,
    "iso2": "RE",
    "type": "province",
    "latitude": "44.60866740",
    "longitude": "10.59406670",
    "native": "Reggio Emilia",
    "timezone": "Europe/Rome",
    "translations": {}
  },
  {
    "id": 1712,
    "name": "Rieti",
    "country_id": 107,
    "country_code": "IT",
    "fips_code": null,
    "iso2": "RI",
    "type": "province",
    "latitude": "42.40265690",
    "longitude": "12.86081300",
    "native": "Rieti",
    "timezone": "Europe/Rome",
    "translations": {}
  },
  {
    "id": 1713,
    "name": "Rimini",
    "country_id": 107,
    "country_code": "IT",
    "fips_code": null,
    "iso2": "RN",
    "type": "province",
    "latitude": "44.06782880",
    "longitude": "12.56951580",
    "native": "Rimini",
    "timezone": "Europe/Rome",
    "translations": {}
  },
  {
    "id": 1719,
    "name": "Rovigo",
    "country_id": 107,
    "country_code": "IT",
    "fips_code": null,
    "iso2": "RO",
    "type": "province",
    "latitude": "45.06981660",
    "longitude": "11.78882000",
    "native": "Rovigo",
    "timezone": "Europe/Rome",
    "translations": {}
  },
  {
    "id": 1720,
    "name": "Salerno",
    "country_id": 107,
    "country_code": "IT",
    "fips_code": null,
    "iso2": "SA",
    "type": "province",
    "latitude": "40.41944160",
    "longitude": "15.31060850",
    "native": "Salerno",
    "timezone": "Europe/Rome",
    "translations": {}
  },
  {
    "id": 1715,
    "name": "Sardinia",
    "country_id": 107,
    "country_code": "IT",
    "fips_code": null,
    "iso2": "88",
    "type": "autonomous region",
    "latitude": "40.09128130",
    "longitude": "9.03057730",
    "native": "Sardegna",
    "timezone": "Europe/Rome",
    "translations": {}
  },
  {
    "id": 1722,
    "name": "Sassari",
    "country_id": 107,
    "country_code": "IT",
    "fips_code": null,
    "iso2": "SS",
    "type": "province",
    "latitude": "40.72347460",
    "longitude": "8.56126740",
    "native": "Sassari",
    "timezone": "Europe/Rome",
    "translations": {}
  },
  {
    "id": 1732,
    "name": "Savona",
    "country_id": 107,
    "country_code": "IT",
    "fips_code": null,
    "iso2": "SV",
    "type": "province",
    "latitude": "44.23342380",
    "longitude": "8.25257270",
    "native": "Savona",
    "timezone": "Europe/Rome",
    "translations": {}
  },
  {
    "id": 1709,
    "name": "Sicily",
    "country_id": 107,
    "country_code": "IT",
    "fips_code": null,
    "iso2": "82",
    "type": "autonomous region",
    "latitude": "37.58779400",
    "longitude": "14.15504800",
    "native": "Sicilia",
    "timezone": "Europe/Rome",
    "translations": {}
  },
  {
    "id": 1734,
    "name": "Siena",
    "country_id": 107,
    "country_code": "IT",
    "fips_code": null,
    "iso2": "SI",
    "type": "province",
    "latitude": "43.31855360",
    "longitude": "11.33165330",
    "native": "Siena",
    "timezone": "Europe/Rome",
    "translations": {}
  },
  {
    "id": 1667,
    "name": "Siracusa",
    "country_id": 107,
    "country_code": "IT",
    "fips_code": null,
    "iso2": "SR",
    "type": "free municipal consortium",
    "latitude": "37.06569240",
    "longitude": "15.28571090",
    "native": "Siracusa",
    "timezone": "Europe/Rome",
    "translations": {}
  },
  {
    "id": 1741,
    "name": "Sondrio",
    "country_id": 107,
    "country_code": "IT",
    "fips_code": null,
    "iso2": "SO",
    "type": "province",
    "latitude": "46.17135530",
    "longitude": "9.87342740",
    "native": "Sondrio",
    "timezone": "Europe/Rome",
    "translations": {}
  },
  {
    "id": 1730,
    "name": "South Sardinia",
    "country_id": 107,
    "country_code": "IT",
    "fips_code": null,
    "iso2": "SU",
    "type": "province",
    "latitude": "39.38935350",
    "longitude": "8.93970000",
    "native": "Sudinia meridionale",
    "timezone": "Europe/Rome",
    "translations": {}
  },
  {
    "id": 1743,
    "name": "Taranto",
    "country_id": 107,
    "country_code": "IT",
    "fips_code": null,
    "iso2": "TA",
    "type": "province",
    "latitude": "40.47124270",
    "longitude": "17.24322780",
    "native": "Taranto",
    "timezone": "Europe/Rome",
    "translations": {}
  },
  {
    "id": 1752,
    "name": "Teramo",
    "country_id": 107,
    "country_code": "IT",
    "fips_code": null,
    "iso2": "TE",
    "type": "province",
    "latitude": "42.65811790",
    "longitude": "13.69787460",
    "native": "Teramo",
    "timezone": "Europe/Rome",
    "translations": {}
  },
  {
    "id": 1755,
    "name": "Terni",
    "country_id": 107,
    "country_code": "IT",
    "fips_code": null,
    "iso2": "TR",
    "type": "province",
    "latitude": "42.56414170",
    "longitude": "12.64054660",
    "native": "Terni",
    "timezone": "Europe/Rome",
    "translations": {}
  },
  {
    "id": 1733,
    "name": "Trapani",
    "country_id": 107,
    "country_code": "IT",
    "fips_code": null,
    "iso2": "TP",
    "type": "free municipal consortium",
    "latitude": "38.01831160",
    "longitude": "12.51482650",
    "native": "Trapani",
    "timezone": "Europe/Rome",
    "translations": {}
  },
  {
    "id": 1725,
    "name": "Trentino-South Tyrol",
    "country_id": 107,
    "country_code": "IT",
    "fips_code": null,
    "iso2": "32",
    "type": "autonomous region",
    "latitude": "46.49959340",
    "longitude": "11.35530150",
    "native": "Trentino-sud Tyrol",
    "timezone": "Europe/Rome",
    "translations": {}
  },
  {
    "id": 1762,
    "name": "Treviso",
    "country_id": 107,
    "country_code": "IT",
    "fips_code": null,
    "iso2": "TV",
    "type": "province",
    "latitude": "45.66685170",
    "longitude": "12.24306170",
    "native": "Treviso",
    "timezone": "Europe/Rome",
    "translations": {}
  },
  {
    "id": 1763,
    "name": "Trieste",
    "country_id": 107,
    "country_code": "IT",
    "fips_code": null,
    "iso2": "TS",
    "type": "decentralized regional entity",
    "latitude": "45.68948230",
    "longitude": "13.78330720",
    "native": "Trieste",
    "timezone": "Europe/Rome",
    "translations": {}
  },
  {
    "id": 1664,
    "name": "Tuscany",
    "country_id": 107,
    "country_code": "IT",
    "fips_code": null,
    "iso2": "52",
    "type": "region",
    "latitude": "43.45865410",
    "longitude": "11.13892040",
    "native": "Toscana",
    "timezone": "Europe/Rome",
    "translations": {}
  },
  {
    "id": 1764,
    "name": "Udine",
    "country_id": 107,
    "country_code": "IT",
    "fips_code": null,
    "iso2": "UD",
    "type": "decentralized regional entity",
    "latitude": "46.14594800",
    "longitude": "13.29743030",
    "native": "Udine",
    "timezone": "Europe/Rome",
    "translations": {}
  },
  {
    "id": 1683,
    "name": "Umbria",
    "country_id": 107,
    "country_code": "IT",
    "fips_code": null,
    "iso2": "55",
    "type": "region",
    "latitude": "42.96591600",
    "longitude": "12.49023600",
    "native": "Umbria",
    "timezone": "Europe/Rome",
    "translations": {}
  },
  {
    "id": 1765,
    "name": "Varese",
    "country_id": 107,
    "country_code": "IT",
    "fips_code": null,
    "iso2": "VA",
    "type": "province",
    "latitude": "45.83972030",
    "longitude": "8.75413380",
    "native": "Varese",
    "timezone": "Europe/Rome",
    "translations": {}
  },
  {
    "id": 1753,
    "name": "Veneto",
    "country_id": 107,
    "country_code": "IT",
    "fips_code": null,
    "iso2": "34",
    "type": "region",
    "latitude": "45.64766630",
    "longitude": "11.86652540",
    "native": "Veneto",
    "timezone": "Europe/Rome",
    "translations": {}
  },
  {
    "id": 1726,
    "name": "Verbano-Cusio-Ossola",
    "country_id": 107,
    "country_code": "IT",
    "fips_code": null,
    "iso2": "VB",
    "type": "province",
    "latitude": "46.11557550",
    "longitude": "8.38359670",
    "native": "Verbano-Cusio-Ossola",
    "timezone": "Europe/Rome",
    "translations": {}
  },
  {
    "id": 1785,
    "name": "Vercelli",
    "country_id": 107,
    "country_code": "IT",
    "fips_code": null,
    "iso2": "VC",
    "type": "province",
    "latitude": "45.32022040",
    "longitude": "8.41850800",
    "native": "Vercelli",
    "timezone": "Europe/Rome",
    "translations": {}
  },
  {
    "id": 1736,
    "name": "Verona",
    "country_id": 107,
    "country_code": "IT",
    "fips_code": null,
    "iso2": "VR",
    "type": "province",
    "latitude": "45.43849580",
    "longitude": "10.99241220",
    "native": "Verona",
    "timezone": "Europe/Rome",
    "translations": {}
  },
  {
    "id": 1737,
    "name": "Vibo Valentia",
    "country_id": 107,
    "country_code": "IT",
    "fips_code": null,
    "iso2": "VV",
    "type": "province",
    "latitude": "38.62665560",
    "longitude": "16.09869350",
    "native": "Vibo Valentia",
    "timezone": "Europe/Rome",
    "translations": {}
  },
  {
    "id": 1738,
    "name": "Vicenza",
    "country_id": 107,
    "country_code": "IT",
    "fips_code": null,
    "iso2": "VI",
    "type": "province",
    "latitude": "45.63485910",
    "longitude": "11.40635430",
    "native": "Vicenza",
    "timezone": "Europe/Rome",
    "translations": {}
  },
  {
    "id": 1735,
    "name": "Viterbo",
    "country_id": 107,
    "country_code": "IT",
    "fips_code": null,
    "iso2": "VT",
    "type": "province",
    "latitude": "42.49295220",
    "longitude": "11.94881360",
    "native": "Viterbo",
    "timezone": "Europe/Rome",
    "translations": {}
  }
]