[
  {
    "id": 946,
    "name": "Boaco",
    "country_id": 159,
    "country_code": "NI",
    "fips_code": null,
    "iso2": "BO",
    "type": "department",
    "latitude": "12.46928400",
    "longitude": "-85.66146820",
    "native": "Reno",
    "timezone": "America/Managua",
    "translations": {}
  },
  {
    "id": 950,
    "name": "Carazo",
    "country_id": 159,
    "country_code": "NI",
    "fips_code": null,
    "iso2": "CA",
    "type": "department",
    "latitude": "11.66199850",
    "longitude": "-86.31256970",
    "native": "Carazo",
    "timezone": "America/Managua",
    "translations": {}
  },
  {
    "id": 954,
    "name": "Chinandega",
    "country_id": 159,
    "country_code": "NI",
    "fips_code": null,
    "iso2": "CI",
    "type": "department",
    "latitude": "12.77779620",
    "longitude": "-87.26958400",
    "native": "Chinandega",
    "timezone": "America/Managua",
    "translations": {}
  },
  {
    "id": 940,
    "name": "Chontales",
    "country_id": 159,
    "country_code": "NI",
    "fips_code": null,
    "iso2": "CO",
    "type": "department",
    "latitude": "11.98767530",
    "longitude": "-85.18607980",
    "native": "Chontales",
    "timezone": "America/Managua",
    "translations": {}
  },
  {
    "id": 945,
    "name": "Estelí",
    "country_id": 159,
    "country_code": "NI",
    "fips_code": null,
    "iso2": "ES",
    "type": "department",
    "latitude": "13.09312410",
    "longitude": "-86.35544360",
    "native": "Estelí",
    "timezone": "America/Managua",
    "translations": {}
  },
  {
    "id": 943,
    "name": "Granada",
    "country_id": 159,
    "country_code": "NI",
    "fips_code": null,
    "iso2": "GR",
    "type": "department",
    "latitude": "11.93440730",
    "longitude": "-85.95600050",
    "native": "Granada",
    "timezone": "America/Managua",
    "translations": {}
  },
  {
    "id": 955,
    "name": "Jinotega",
    "country_id": 159,
    "country_code": "NI",
    "fips_code": null,
    "iso2": "JI",
    "type": "department",
    "latitude": "13.08839070",
    "longitude": "-85.99939970",
    "native": "Jinotega",
    "timezone": "America/Managua",
    "translations": {}
  },
  {
    "id": 944,
    "name": "León",
    "country_id": 159,
    "country_code": "NI",
    "fips_code": null,
    "iso2": "LE",
    "type": "department",
    "latitude": "12.50920370",
    "longitude": "-86.66110830",
    "native": "León",
    "timezone": "America/Managua",
    "translations": {}
  },
  {
    "id": 948,
    "name": "Madriz",
    "country_id": 159,
    "country_code": "NI",
    "fips_code": null,
    "iso2": "MD",
    "type": "department",
    "latitude": "13.42728710",
    "longitude": "-86.40162200",
    "native": "Madriz",
    "timezone": "America/Managua",
    "translations": {}
  },
  {
    "id": 941,
    "name": "Managua",
    "country_id": 159,
    "country_code": "NI",
    "fips_code": null,
    "iso2": "MN",
    "type": "department",
    "latitude": "12.10805850",
    "longitude": "-86.35058080",
    "native": "Gerencia",
    "timezone": "America/Managua",
    "translations": {}
  },
  {
    "id": 953,
    "name": "Masaya",
    "country_id": 159,
    "country_code": "NI",
    "fips_code": null,
    "iso2": "MS",
    "type": "department",
    "latitude": "11.97364740",
    "longitude": "-86.09605470",
    "native": "Es divertido",
    "timezone": "America/Managua",
    "translations": {}
  },
  {
    "id": 947,
    "name": "Matagalpa",
    "country_id": 159,
    "country_code": "NI",
    "fips_code": null,
    "iso2": "MT",
    "type": "department",
    "latitude": "12.94032300",
    "longitude": "-85.69609420",
    "native": "Matagalpa",
    "timezone": "America/Managua",
    "translations": {}
  },
  {
    "id": 951,
    "name": "North Caribbean Coast",
    "country_id": 159,
    "country_code": "NI",
    "fips_code": null,
    "iso2": "AN",
    "type": "autonomous region",
    "latitude": "14.05574990",
    "longitude": "-83.74757650",
    "native": "Costa del Caribe del Norte",
    "timezone": "America/Managua",
    "translations": {}
  },
  {
    "id": 4964,
    "name": "Nueva Segovia",
    "country_id": 159,
    "country_code": "NI",
    "fips_code": null,
    "iso2": "NS",
    "type": "department",
    "latitude": "13.77190230",
    "longitude": "-86.05845420",
    "native": "Nueva Segovia",
    "timezone": "America/Managua",
    "translations": {}
  },
  {
    "id": 949,
    "name": "Río San Juan",
    "country_id": 159,
    "country_code": "NI",
    "fips_code": null,
    "iso2": "SJ",
    "type": "department",
    "latitude": "11.30800260",
    "longitude": "-84.75506930",
    "native": "Río San Juan",
    "timezone": "America/Managua",
    "translations": {}
  },
  {
    "id": 942,
    "name": "Rivas",
    "country_id": 159,
    "country_code": "NI",
    "fips_code": null,
    "iso2": "RI",
    "type": "department",
    "latitude": "11.34346870",
    "longitude": "-85.71596240",
    "native": "Rivas",
    "timezone": "America/Managua",
    "translations": {}
  },
  {
    "id": 952,
    "name": "South Caribbean Coast",
    "country_id": 159,
    "country_code": "NI",
    "fips_code": null,
    "iso2": "AS",
    "type": "autonomous region",
    "latitude": "12.17932750",
    "longitude": "-83.77740510",
    "native": "Costa del Caribe del Sur",
    "timezone": "America/Managua",
    "translations": {}
  }
]