[
  {
    "id": 4967,
    "name": "Ain",
    "country_id": 75,
    "country_code": "FR",
    "fips_code": null,
    "iso2": "01",
    "type": "metropolitan department",
    "latitude": "46.06523850",
    "longitude": "5.28477170",
    "native": "Se faire",
    "timezone": "Europe/Paris",
    "translations": {}
  },
  {
    "id": 4968,
    "name": "Aisne",
    "country_id": 75,
    "country_code": "FR",
    "fips_code": null,
    "iso2": "02",
    "type": "metropolitan department",
    "latitude": "49.45328540",
    "longitude": "3.60689900",
    "native": "Aisne",
    "timezone": "Europe/Paris",
    "translations": {}
  },
  {
    "id": 4969,
    "name": "Allier",
    "country_id": 75,
    "country_code": "FR",
    "fips_code": null,
    "iso2": "03",
    "type": "metropolitan department",
    "latitude": "46.36746410",
    "longitude": "3.16388280",
    "native": "Allier",
    "timezone": "Europe/Paris",
    "translations": {}
  },
  {
    "id": 4970,
    "name": "Alpes-de-Haute-Provence",
    "country_id": 75,
    "country_code": "FR",
    "fips_code": null,
    "iso2": "04",
    "type": "metropolitan department",
    "latitude": "44.16408320",
    "longitude": "6.18785150",
    "native": "Alpes-de-Haute-Provence",
    "timezone": "Europe/Paris",
    "translations": {}
  },
  {
    "id": 4972,
    "name": "Alpes-Maritimes",
    "country_id": 75,
    "country_code": "FR",
    "fips_code": null,
    "iso2": "06",
    "type": "metropolitan department",
    "latitude": "43.94199960",
    "longitude": "7.02026550",
    "native": "Alpes-Maritimes",
    "timezone": "Europe/Paris",
    "translations": {}
  },
  {
    "id": 4811,
    "name": "Alsace",
    "country_id": 75,
    "country_code": "FR",
    "fips_code": null,
    "iso2": "6AE",
    "type": "European collectivity",
    "latitude": "48.00987120",
    "longitude": "7.58750210",
    "native": "Alsace",
    "timezone": "Europe/Paris",
    "translations": {}
  },
  {
    "id": 4973,
    "name": "Ardèche",
    "country_id": 75,
    "country_code": "FR",
    "fips_code": null,
    "iso2": "07",
    "type": "metropolitan department",
    "latitude": "44.81519400",
    "longitude": "4.39865250",
    "native": "Ardèche",
    "timezone": "Europe/Paris",
    "translations": {}
  },
  {
    "id": 4974,
    "name": "Ardennes",
    "country_id": 75,
    "country_code": "FR",
    "fips_code": null,
    "iso2": "08",
    "type": "metropolitan department",
    "latitude": "49.69801170",
    "longitude": "4.67160050",
    "native": "Ardennes",
    "timezone": "Europe/Paris",
    "translations": {}
  },
  {
    "id": 4975,
    "name": "Ariège",
    "country_id": 75,
    "country_code": "FR",
    "fips_code": null,
    "iso2": "09",
    "type": "metropolitan department",
    "latitude": "42.94553680",
    "longitude": "1.40655440",
    "native": "Ariège",
    "timezone": "Europe/Paris",
    "translations": {}
  },
  {
    "id": 4976,
    "name": "Aube",
    "country_id": 75,
    "country_code": "FR",
    "fips_code": null,
    "iso2": "10",
    "type": "metropolitan department",
    "latitude": "48.32019210",
    "longitude": "4.19053970",
    "native": "Aube",
    "timezone": "Europe/Paris",
    "translations": {}
  },
  {
    "id": 4977,
    "name": "Aude",
    "country_id": 75,
    "country_code": "FR",
    "fips_code": null,
    "iso2": "11",
    "type": "metropolitan department",
    "latitude": "43.05427330",
    "longitude": "2.51247150",
    "native": "entendus",
    "timezone": "Europe/Paris",
    "translations": {}
  },
  {
    "id": 4798,
    "name": "Auvergne-Rhône-Alpes",
    "country_id": 75,
    "country_code": "FR",
    "fips_code": null,
    "iso2": "ARA",
    "type": "metropolitan region",
    "latitude": "45.29681190",
    "longitude": "4.66048090",
    "native": "Auvergne-Rhône-Alpes",
    "timezone": "Europe/Paris",
    "translations": {}
  },
  {
    "id": 4978,
    "name": "Aveyron",
    "country_id": 75,
    "country_code": "FR",
    "fips_code": null,
    "iso2": "12",
    "type": "metropolitan department",
    "latitude": "44.31585740",
    "longitude": "2.50656970",
    "native": "Aveyron",
    "timezone": "Europe/Paris",
    "translations": {}
  },
  {
    "id": 5035,
    "name": "Bas-Rhin",
    "country_id": 75,
    "country_code": "FR",
    "fips_code": null,
    "iso2": "67",
    "type": "metropolitan department",
    "latitude": "48.59917830",
    "longitude": "7.53367290",
    "native": "Bas-Rhin",
    "timezone": "Europe/Paris",
    "translations": {}
  },
  {
    "id": 4979,
    "name": "Bouches-du-Rhône",
    "country_id": 75,
    "country_code": "FR",
    "fips_code": null,
    "iso2": "13",
    "type": "metropolitan department",
    "latitude": "43.54241820",
    "longitude": "5.03432360",
    "native": "Bouches-du-Rhône",
    "timezone": "Europe/Paris",
    "translations": {}
  },
  {
    "id": 4825,
    "name": "Bourgogne-Franche-Comté",
    "country_id": 75,
    "country_code": "FR",
    "fips_code": null,
    "iso2": "BFC",
    "type": "metropolitan region",
    "latitude": "47.11871100",
    "longitude": "4.96910440",
    "native": "Bourgogne-Franche-Comté",
    "timezone": "Europe/Paris",
    "translations": {}
  },
  {
    "id": 4807,
    "name": "Bretagne",
    "country_id": 75,
    "country_code": "FR",
    "fips_code": null,
    "iso2": "BRE",
    "type": "metropolitan region",
    "latitude": "48.26408450",
    "longitude": "-2.92024080",
    "native": "Bretagne",
    "timezone": "Europe/Paris",
    "translations": {}
  },
  {
    "id": 4981,
    "name": "Calvados",
    "country_id": 75,
    "country_code": "FR",
    "fips_code": null,
    "iso2": "14",
    "type": "metropolitan department",
    "latitude": "49.09076480",
    "longitude": "-0.24139510",
    "native": "Calvados",
    "timezone": "Europe/Paris",
    "translations": {}
  },
  {
    "id": 4982,
    "name": "Cantal",
    "country_id": 75,
    "country_code": "FR",
    "fips_code": null,
    "iso2": "15",
    "type": "metropolitan department",
    "latitude": "45.04977010",
    "longitude": "2.69971760",
    "native": "Cantal",
    "timezone": "Europe/Paris",
    "translations": {}
  },
  {
    "id": 4818,
    "name": "Centre-Val de Loire",
    "country_id": 75,
    "country_code": "FR",
    "fips_code": null,
    "iso2": "CVL",
    "type": "metropolitan region",
    "latitude": "47.54902510",
    "longitude": "1.73240620",
    "native": "Centre-Val de Loire",
    "timezone": "Europe/Paris",
    "translations": {}
  },
  {
    "id": 4983,
    "name": "Charente",
    "country_id": 75,
    "country_code": "FR",
    "fips_code": null,
    "iso2": "16",
    "type": "metropolitan department",
    "latitude": "45.73022670",
    "longitude": "-0.72128760",
    "native": "Charente",
    "timezone": "Europe/Paris",
    "translations": {}
  },
  {
    "id": 4984,
    "name": "Charente-Maritime",
    "country_id": 75,
    "country_code": "FR",
    "fips_code": null,
    "iso2": "17",
    "type": "metropolitan department",
    "latitude": "45.73022670",
    "longitude": "-0.72128760",
    "native": "Charente-Maritime",
    "timezone": "Europe/Paris",
    "translations": {}
  },
  {
    "id": 4985,
    "name": "Cher",
    "country_id": 75,
    "country_code": "FR",
    "fips_code": null,
    "iso2": "18",
    "type": "metropolitan department",
    "latitude": "47.02488240",
    "longitude": "2.57533340",
    "native": "Cher",
    "timezone": "Europe/Paris",
    "translations": {}
  },
  {
    "id": 5064,
    "name": "Clipperton",
    "country_id": 75,
    "country_code": "FR",
    "fips_code": null,
    "iso2": "CP",
    "type": "dependency",
    "latitude": "10.30212870",
    "longitude": "-109.21783500",
    "native": "Clipperton",
    "timezone": "Etc/GMT+7",
    "translations": {}
  },
  {
    "id": 4986,
    "name": "Corrèze",
    "country_id": 75,
    "country_code": "FR",
    "fips_code": null,
    "iso2": "19",
    "type": "metropolitan department",
    "latitude": "45.34290470",
    "longitude": "1.81764240",
    "native": "Corrèze",
    "timezone": "Europe/Paris",
    "translations": {}
  },
  {
    "id": 4806,
    "name": "Corse",
    "country_id": 75,
    "country_code": "FR",
    "fips_code": null,
    "iso2": "20R",
    "type": "metropolitan collectivity with special status",
    "latitude": "42.18808960",
    "longitude": "9.06841380",
    "native": "Corsée",
    "timezone": "Europe/Paris",
    "translations": {}
  },
  {
    "id": 4996,
    "name": "Corse-du-Sud",
    "country_id": 75,
    "country_code": "FR",
    "fips_code": null,
    "iso2": "2A",
    "type": "metropolitan department",
    "latitude": "41.87340830",
    "longitude": "9.00870520",
    "native": "Corse-du-Sud",
    "timezone": "Europe/Paris",
    "translations": {}
  },
  {
    "id": 4987,
    "name": "Côte-d'Or",
    "country_id": 75,
    "country_code": "FR",
    "fips_code": null,
    "iso2": "21",
    "type": "metropolitan department",
    "latitude": "47.46550340",
    "longitude": "4.74812230",
    "native": "Côte-d'Or",
    "timezone": "Europe/Paris",
    "translations": {}
  },
  {
    "id": 4988,
    "name": "Côtes-d'Armor",
    "country_id": 75,
    "country_code": "FR",
    "fips_code": null,
    "iso2": "22",
    "type": "metropolitan department",
    "latitude": "48.46148770",
    "longitude": "-2.75143280",
    "native": "Côtes-d'Armor",
    "timezone": "Europe/Paris",
    "translations": {}
  },
  {
    "id": 4989,
    "name": "Creuse",
    "country_id": 75,
    "country_code": "FR",
    "fips_code": null,
    "iso2": "23",
    "type": "metropolitan department",
    "latitude": "46.05934850",
    "longitude": "2.04890100",
    "native": "Creuse",
    "timezone": "Europe/Paris",
    "translations": {}
  },
  {
    "id": 5047,
    "name": "Deux-Sèvres",
    "country_id": 75,
    "country_code": "FR",
    "fips_code": null,
    "iso2": "79",
    "type": "metropolitan department",
    "latitude": "46.53914000",
    "longitude": "-0.29947850",
    "native": "Deux-Sèvres",
    "timezone": "Europe/Paris",
    "translations": {}
  },
  {
    "id": 4990,
    "name": "Dordogne",
    "country_id": 75,
    "country_code": "FR",
    "fips_code": null,
    "iso2": "24",
    "type": "metropolitan department",
    "latitude": "45.14291980",
    "longitude": "0.63212580",
    "native": "Dordogne",
    "timezone": "Europe/Paris",
    "translations": {}
  },
  {
    "id": 4991,
    "name": "Doubs",
    "country_id": 75,
    "country_code": "FR",
    "fips_code": null,
    "iso2": "25",
    "type": "metropolitan department",
    "latitude": "46.93217740",
    "longitude": "6.34762140",
    "native": "Doubs",
    "timezone": "Europe/Paris",
    "translations": {}
  },
  {
    "id": 4992,
    "name": "Drôme",
    "country_id": 75,
    "country_code": "FR",
    "fips_code": null,
    "iso2": "26",
    "type": "metropolitan department",
    "latitude": "44.72953470",
    "longitude": "5.20463720",
    "native": "Drôme",
    "timezone": "Europe/Paris",
    "translations": {}
  },
  {
    "id": 5059,
    "name": "Essonne",
    "country_id": 75,
    "country_code": "FR",
    "fips_code": null,
    "iso2": "91",
    "type": "metropolitan department",
    "latitude": "48.53034020",
    "longitude": "2.23929180",
    "native": "Essonne",
    "timezone": "Europe/Paris",
    "translations": {}
  },
  {
    "id": 4993,
    "name": "Eure",
    "country_id": 75,
    "country_code": "FR",
    "fips_code": null,
    "iso2": "27",
    "type": "metropolitan department",
    "latitude": "49.07563580",
    "longitude": "0.96518290",
    "native": "Ton",
    "timezone": "Europe/Paris",
    "translations": {}
  },
  {
    "id": 4994,
    "name": "Eure-et-Loir",
    "country_id": 75,
    "country_code": "FR",
    "fips_code": null,
    "iso2": "28",
    "type": "metropolitan department",
    "latitude": "48.44741020",
    "longitude": "1.39988200",
    "native": "Eure-et-Loir",
    "timezone": "Europe/Paris",
    "translations": {}
  },
  {
    "id": 4995,
    "name": "Finistère",
    "country_id": 75,
    "country_code": "FR",
    "fips_code": null,
    "iso2": "29",
    "type": "metropolitan department",
    "latitude": "48.24511520",
    "longitude": "-4.04409020",
    "native": "Finistère",
    "timezone": "Europe/Paris",
    "translations": {}
  },
  {
    "id": 4822,
    "name": "French Guiana",
    "country_id": 75,
    "country_code": "FR",
    "fips_code": null,
    "iso2": "973",
    "type": "overseas region",
    "latitude": "4.00398820",
    "longitude": "-52.99999800",
    "native": "French Guiana",
    "timezone": "America/Cayenne",
    "translations": {}
  },
  {
    "id": 4824,
    "name": "French Polynesia",
    "country_id": 75,
    "country_code": "FR",
    "fips_code": null,
    "iso2": "PF",
    "type": "overseas collectivity",
    "latitude": "-17.02437490",
    "longitude": "-144.64348980",
    "native": "Polynésie française",
    "timezone": "Pacific/Tahiti",
    "translations": {}
  },
  {
    "id": 5065,
    "name": "French Southern and Antarctic Lands",
    "country_id": 75,
    "country_code": "FR",
    "fips_code": null,
    "iso2": "TF",
    "type": "overseas territory",
    "latitude": "-49.23744200",
    "longitude": "69.62275900",
    "native": "Terres du sud et de l'Antarctique français",
    "timezone": "Indian/Kerguelen",
    "translations": {}
  },
  {
    "id": 4998,
    "name": "Gard",
    "country_id": 75,
    "country_code": "FR",
    "fips_code": null,
    "iso2": "30",
    "type": "metropolitan department",
    "latitude": "43.95995000",
    "longitude": "4.29763700",
    "native": "Gardien",
    "timezone": "Europe/Paris",
    "translations": {}
  },
  {
    "id": 5000,
    "name": "Gers",
    "country_id": 75,
    "country_code": "FR",
    "fips_code": null,
    "iso2": "32",
    "type": "metropolitan department",
    "latitude": "43.69552760",
    "longitude": "0.41010190",
    "native": "Génie",
    "timezone": "Europe/Paris",
    "translations": {}
  },
  {
    "id": 5001,
    "name": "Gironde",
    "country_id": 75,
    "country_code": "FR",
    "fips_code": null,
    "iso2": "33",
    "type": "metropolitan department",
    "latitude": "44.88374600",
    "longitude": "-0.60512640",
    "native": "Gironde",
    "timezone": "Europe/Paris",
    "translations": {}
  },
  {
    "id": 4820,
    "name": "Grand-Est",
    "country_id": 75,
    "country_code": "FR",
    "fips_code": null,
    "iso2": "GES",
    "type": "metropolitan region",
    "latitude": "48.48451570",
    "longitude": "6.11303500",
    "native": "Grand-Est",
    "timezone": "Europe/Paris",
    "translations": {}
  },
  {
    "id": 4829,
    "name": "Guadeloupe",
    "country_id": 75,
    "country_code": "FR",
    "fips_code": null,
    "iso2": "971",
    "type": "overseas region",
    "latitude": "16.25288270",
    "longitude": "-61.56868550",
    "native": "Guadeloupe",
    "timezone": "America/Guadeloupe",
    "translations": {}
  },
  {
    "id": 5036,
    "name": "Haut-Rhin",
    "country_id": 75,
    "country_code": "FR",
    "fips_code": null,
    "iso2": "68",
    "type": "metropolitan department",
    "latitude": "47.86547460",
    "longitude": "7.23154330",
    "native": "Peau",
    "timezone": "Europe/Paris",
    "translations": {}
  },
  {
    "id": 4997,
    "name": "Haute-Corse",
    "country_id": 75,
    "country_code": "FR",
    "fips_code": null,
    "iso2": "2B",
    "type": "metropolitan department",
    "latitude": "42.42196980",
    "longitude": "9.10090650",
    "native": "Haute-Corse",
    "timezone": "Europe/Paris",
    "translations": {}
  },
  {
    "id": 4999,
    "name": "Haute-Garonne",
    "country_id": 75,
    "country_code": "FR",
    "fips_code": null,
    "iso2": "31",
    "type": "metropolitan department",
    "latitude": "43.30545460",
    "longitude": "0.97167920",
    "native": "Haute-Garonne",
    "timezone": "Europe/Paris",
    "translations": {}
  },
  {
    "id": 5011,
    "name": "Haute-Loire",
    "country_id": 75,
    "country_code": "FR",
    "fips_code": null,
    "iso2": "43",
    "type": "metropolitan department",
    "latitude": "45.08572490",
    "longitude": "3.83382610",
    "native": "Haute-Loire",
    "timezone": "Europe/Paris",
    "translations": {}
  },
  {
    "id": 5020,
    "name": "Haute-Marne",
    "country_id": 75,
    "country_code": "FR",
    "fips_code": null,
    "iso2": "52",
    "type": "metropolitan department",
    "latitude": "48.13294140",
    "longitude": "5.25291080",
    "native": "Haute-Marne",
    "timezone": "Europe/Paris",
    "translations": {}
  },
  {
    "id": 5039,
    "name": "Haute-Saône",
    "country_id": 75,
    "country_code": "FR",
    "fips_code": null,
    "iso2": "70",
    "type": "metropolitan department",
    "latitude": "47.63842330",
    "longitude": "6.09511410",
    "native": "Haute-Saône",
    "timezone": "Europe/Paris",
    "translations": {}
  },
  {
    "id": 5043,
    "name": "Haute-Savoie",
    "country_id": 75,
    "country_code": "FR",
    "fips_code": null,
    "iso2": "74",
    "type": "metropolitan department",
    "latitude": "46.06904060",
    "longitude": "6.34453210",
    "native": "Haute-Savoie",
    "timezone": "Europe/Paris",
    "translations": {}
  },
  {
    "id": 5055,
    "name": "Haute-Vienne",
    "country_id": 75,
    "country_code": "FR",
    "fips_code": null,
    "iso2": "87",
    "type": "metropolitan department",
    "latitude": "45.91901920",
    "longitude": "1.20317680",
    "native": "Haute-Vienne",
    "timezone": "Europe/Paris",
    "translations": {}
  },
  {
    "id": 4971,
    "name": "Hautes-Alpes",
    "country_id": 75,
    "country_code": "FR",
    "fips_code": null,
    "iso2": "05",
    "type": "metropolitan department",
    "latitude": "44.65646660",
    "longitude": "6.35202460",
    "native": "Hautes-Alpes",
    "timezone": "Europe/Paris",
    "translations": {}
  },
  {
    "id": 5033,
    "name": "Hautes-Pyrénées",
    "country_id": 75,
    "country_code": "FR",
    "fips_code": null,
    "iso2": "65",
    "type": "metropolitan department",
    "latitude": "43.14379250",
    "longitude": "0.15866610",
    "native": "Hautes-Pyrénées",
    "timezone": "Europe/Paris",
    "translations": {}
  },
  {
    "id": 4828,
    "name": "Hauts-de-France",
    "country_id": 75,
    "country_code": "FR",
    "fips_code": null,
    "iso2": "HDF",
    "type": "metropolitan region",
    "latitude": "50.10246060",
    "longitude": "2.72475150",
    "native": "Hauts-de-France",
    "timezone": "Europe/Paris",
    "translations": {}
  },
  {
    "id": 5060,
    "name": "Hauts-de-Seine",
    "country_id": 75,
    "country_code": "FR",
    "fips_code": null,
    "iso2": "92",
    "type": "metropolitan department",
    "latitude": "48.84018590",
    "longitude": "2.19863000",
    "native": "Hauts-de-Seine",
    "timezone": "Europe/Paris",
    "translations": {}
  },
  {
    "id": 5002,
    "name": "Hérault",
    "country_id": 75,
    "country_code": "FR",
    "fips_code": null,
    "iso2": "34",
    "type": "metropolitan department",
    "latitude": "43.59142200",
    "longitude": "3.35533090",
    "native": "Hérault",
    "timezone": "Europe/Paris",
    "translations": {}
  },
  {
    "id": 4796,
    "name": "Île-de-France",
    "country_id": 75,
    "country_code": "FR",
    "fips_code": null,
    "iso2": "IDF",
    "type": "metropolitan region",
    "latitude": "48.64430570",
    "longitude": "2.75378630",
    "native": "Île-de-France",
    "timezone": "Europe/Paris",
    "translations": {}
  },
  {
    "id": 5003,
    "name": "Ille-et-Vilaine",
    "country_id": 75,
    "country_code": "FR",
    "fips_code": null,
    "iso2": "35",
    "type": "metropolitan department",
    "latitude": "48.17276810",
    "longitude": "-1.64980920",
    "native": "Ille-et-Vilaine",
    "timezone": "Europe/Paris",
    "translations": {}
  },
  {
    "id": 5004,
    "name": "Indre",
    "country_id": 75,
    "country_code": "FR",
    "fips_code": null,
    "iso2": "36",
    "type": "metropolitan department",
    "latitude": "46.81210570",
    "longitude": "1.53820520",
    "native": "Interne",
    "timezone": "Europe/Paris",
    "translations": {}
  },
  {
    "id": 5005,
    "name": "Indre-et-Loire",
    "country_id": 75,
    "country_code": "FR",
    "fips_code": null,
    "iso2": "37",
    "type": "metropolitan department",
    "latitude": "47.22320460",
    "longitude": "0.68667030",
    "native": "Indre-et-Loire",
    "timezone": "Europe/Paris",
    "translations": {}
  },
  {
    "id": 5006,
    "name": "Isère",
    "country_id": 75,
    "country_code": "FR",
    "fips_code": null,
    "iso2": "38",
    "type": "metropolitan department",
    "latitude": "45.28979320",
    "longitude": "5.63438250",
    "native": "Isère",
    "timezone": "Europe/Paris",
    "translations": {}
  },
  {
    "id": 5007,
    "name": "Jura",
    "country_id": 75,
    "country_code": "FR",
    "fips_code": null,
    "iso2": "39",
    "type": "metropolitan department",
    "latitude": "46.78336250",
    "longitude": "5.78328570",
    "native": "Jura",
    "timezone": "Europe/Paris",
    "translations": {}
  },
  {
    "id": 4823,
    "name": "La Réunion",
    "country_id": 75,
    "country_code": "FR",
    "fips_code": null,
    "iso2": "974",
    "type": "overseas region",
    "latitude": "-21.13073790",
    "longitude": "55.53648010",
    "native": "La Réunion",
    "timezone": "Indian/Reunion",
    "translations": {}
  },
  {
    "id": 5008,
    "name": "Landes",
    "country_id": 75,
    "country_code": "FR",
    "fips_code": null,
    "iso2": "40",
    "type": "metropolitan department",
    "latitude": "44.00996940",
    "longitude": "-0.64338720",
    "native": "Landes",
    "timezone": "Europe/Paris",
    "translations": {}
  },
  {
    "id": 5009,
    "name": "Loir-et-Cher",
    "country_id": 75,
    "country_code": "FR",
    "fips_code": null,
    "iso2": "41",
    "type": "metropolitan department",
    "latitude": "47.65977520",
    "longitude": "1.29718350",
    "native": "Loir-et-Cher",
    "timezone": "Europe/Paris",
    "translations": {}
  },
  {
    "id": 5010,
    "name": "Loire",
    "country_id": 75,
    "country_code": "FR",
    "fips_code": null,
    "iso2": "42",
    "type": "metropolitan department",
    "latitude": "47.61507310",
    "longitude": "-0.97843910",
    "native": "Loire",
    "timezone": "Europe/Paris",
    "translations": {}
  },
  {
    "id": 5012,
    "name": "Loire-Atlantique",
    "country_id": 75,
    "country_code": "FR",
    "fips_code": null,
    "iso2": "44",
    "type": "metropolitan department",
    "latitude": "47.34816140",
    "longitude": "-1.87274610",
    "native": "Loire-Atlantique",
    "timezone": "Europe/Paris",
    "translations": {}
  },
  {
    "id": 5013,
    "name": "Loiret",
    "country_id": 75,
    "country_code": "FR",
    "fips_code": null,
    "iso2": "45",
    "type": "metropolitan department",
    "latitude": "47.91387240",
    "longitude": "2.30750360",
    "native": "Loiret",
    "timezone": "Europe/Paris",
    "translations": {}
  },
  {
    "id": 5014,
    "name": "Lot",
    "country_id": 75,
    "country_code": "FR",
    "fips_code": null,
    "iso2": "46",
    "type": "metropolitan department",
    "latitude": "44.62499180",
    "longitude": "1.66577420",
    "native": "Parcelle",
    "timezone": "Europe/Paris",
    "translations": {}
  },
  {
    "id": 5015,
    "name": "Lot-et-Garonne",
    "country_id": 75,
    "country_code": "FR",
    "fips_code": null,
    "iso2": "47",
    "type": "metropolitan department",
    "latitude": "44.36917030",
    "longitude": "0.45391580",
    "native": "Lot-et-Garonne",
    "timezone": "Europe/Paris",
    "translations": {}
  },
  {
    "id": 5016,
    "name": "Lozère",
    "country_id": 75,
    "country_code": "FR",
    "fips_code": null,
    "iso2": "48",
    "type": "metropolitan department",
    "latitude": "44.54257060",
    "longitude": "3.52111460",
    "native": "Lozère",
    "timezone": "Europe/Paris",
    "translations": {}
  },
  {
    "id": 5017,
    "name": "Maine-et-Loire",
    "country_id": 75,
    "country_code": "FR",
    "fips_code": null,
    "iso2": "49",
    "type": "metropolitan department",
    "latitude": "47.38863050",
    "longitude": "-0.39090970",
    "native": "Maine-et-Loire",
    "timezone": "Europe/Paris",
    "translations": {}
  },
  {
    "id": 5018,
    "name": "Manche",
    "country_id": 75,
    "country_code": "FR",
    "fips_code": null,
    "iso2": "50",
    "type": "metropolitan department",
    "latitude": "49.09189520",
    "longitude": "-1.24549520",
    "native": "Quelques",
    "timezone": "Europe/Paris",
    "translations": {}
  },
  {
    "id": 5019,
    "name": "Marne",
    "country_id": 75,
    "country_code": "FR",
    "fips_code": null,
    "iso2": "51",
    "type": "metropolitan department",
    "latitude": "48.96126400",
    "longitude": "4.31224360",
    "native": "Marne",
    "timezone": "Europe/Paris",
    "translations": {}
  },
  {
    "id": 4827,
    "name": "Martinique",
    "country_id": 75,
    "country_code": "FR",
    "fips_code": null,
    "iso2": "972",
    "type": "overseas region",
    "latitude": "14.63679270",
    "longitude": "-61.01582690",
    "native": "Martinique",
    "timezone": "America/Martinique",
    "translations": {}
  },
  {
    "id": 5021,
    "name": "Mayenne",
    "country_id": 75,
    "country_code": "FR",
    "fips_code": null,
    "iso2": "53",
    "type": "metropolitan department",
    "latitude": "48.30442180",
    "longitude": "-0.61798710",
    "native": "Mayenne",
    "timezone": "Europe/Paris",
    "translations": {}
  },
  {
    "id": 4797,
    "name": "Mayotte",
    "country_id": 75,
    "country_code": "FR",
    "fips_code": null,
    "iso2": "976",
    "type": "overseas region",
    "latitude": "-12.82304800",
    "longitude": "45.15207550",
    "native": "Mayotte",
    "timezone": "Indian/Mayotte",
    "translations": {}
  },
  {
    "id": 5038,
    "name": "Métropole de Lyon",
    "country_id": 75,
    "country_code": "FR",
    "fips_code": null,
    "iso2": "69M",
    "type": "metropolitan collectivity with special status",
    "latitude": "45.74816160",
    "longitude": "4.85568590",
    "native": "Métropole de Lyon",
    "timezone": "Europe/Paris",
    "translations": {}
  },
  {
    "id": 5022,
    "name": "Meurthe-et-Moselle",
    "country_id": 75,
    "country_code": "FR",
    "fips_code": null,
    "iso2": "54",
    "type": "metropolitan department",
    "latitude": "48.95596820",
    "longitude": "5.98703830",
    "native": "Meurthe-et-Moselle",
    "timezone": "Europe/Paris",
    "translations": {}
  },
  {
    "id": 5023,
    "name": "Meuse",
    "country_id": 75,
    "country_code": "FR",
    "fips_code": null,
    "iso2": "55",
    "type": "metropolitan department",
    "latitude": "49.01296850",
    "longitude": "5.42866910",
    "native": "Miuse",
    "timezone": "Europe/Paris",
    "translations": {}
  },
  {
    "id": 5024,
    "name": "Morbihan",
    "country_id": 75,
    "country_code": "FR",
    "fips_code": null,
    "iso2": "56",
    "type": "metropolitan department",
    "latitude": "47.82598120",
    "longitude": "-2.76334930",
    "native": "Morbihan",
    "timezone": "Europe/Paris",
    "translations": {}
  },
  {
    "id": 5025,
    "name": "Moselle",
    "country_id": 75,
    "country_code": "FR",
    "fips_code": null,
    "iso2": "57",
    "type": "metropolitan department",
    "latitude": "49.02072590",
    "longitude": "6.53803520",
    "native": "Moselle",
    "timezone": "Europe/Paris",
    "translations": {}
  },
  {
    "id": 5026,
    "name": "Nièvre",
    "country_id": 75,
    "country_code": "FR",
    "fips_code": null,
    "iso2": "58",
    "type": "metropolitan department",
    "latitude": "47.11969710",
    "longitude": "3.54488980",
    "native": "Nièvre",
    "timezone": "Europe/Paris",
    "translations": {}
  },
  {
    "id": 5027,
    "name": "Nord",
    "country_id": 75,
    "country_code": "FR",
    "fips_code": null,
    "iso2": "59",
    "type": "metropolitan department",
    "latitude": "50.52896150",
    "longitude": "3.08835080",
    "native": "Nord",
    "timezone": "Europe/Paris",
    "translations": {}
  },
  {
    "id": 4804,
    "name": "Normandie",
    "country_id": 75,
    "country_code": "FR",
    "fips_code": null,
    "iso2": "NOR",
    "type": "metropolitan region",
    "latitude": "49.06777080",
    "longitude": "0.31385320",
    "native": "Normandie",
    "timezone": "Europe/Paris",
    "translations": {}
  },
  {
    "id": 4795,
    "name": "Nouvelle-Aquitaine",
    "country_id": 75,
    "country_code": "FR",
    "fips_code": null,
    "iso2": "NAQ",
    "type": "metropolitan region",
    "latitude": "45.40393670",
    "longitude": "0.37561990",
    "native": "Nouvelle-Aquitaine",
    "timezone": "Europe/Paris",
    "translations": {}
  },
  {
    "id": 4799,
    "name": "Occitanie",
    "country_id": 75,
    "country_code": "FR",
    "fips_code": null,
    "iso2": "OCC",
    "type": "metropolitan region",
    "latitude": "43.64878510",
    "longitude": "2.34356840",
    "native": "Occitanie",
    "timezone": "Europe/Paris",
    "translations": {}
  },
  {
    "id": 5028,
    "name": "Oise",
    "country_id": 75,
    "country_code": "FR",
    "fips_code": null,
    "iso2": "60",
    "type": "metropolitan department",
    "latitude": "49.41205460",
    "longitude": "2.40648780",
    "native": "Oise",
    "timezone": "Europe/Paris",
    "translations": {}
  },
  {
    "id": 5029,
    "name": "Orne",
    "country_id": 75,
    "country_code": "FR",
    "fips_code": null,
    "iso2": "61",
    "type": "metropolitan department",
    "latitude": "48.57588800",
    "longitude": "0.04487940",
    "native": "Orne",
    "timezone": "Europe/Paris",
    "translations": {}
  },
  {
    "id": 4816,
    "name": "Paris",
    "country_id": 75,
    "country_code": "FR",
    "fips_code": null,
    "iso2": "75C",
    "type": "metropolitan collectivity with special status",
    "latitude": "48.85661400",
    "longitude": "2.35222190",
    "native": "Paris",
    "timezone": "Europe/Paris",
    "translations": {}
  },
  {
    "id": 5030,
    "name": "Pas-de-Calais",
    "country_id": 75,
    "country_code": "FR",
    "fips_code": null,
    "iso2": "62",
    "type": "metropolitan department",
    "latitude": "50.51440610",
    "longitude": "2.25800780",
    "native": "Pas-de-Calais",
    "timezone": "Europe/Paris",
    "translations": {}
  },
  {
    "id": 4802,
    "name": "Pays-de-la-Loire",
    "country_id": 75,
    "country_code": "FR",
    "fips_code": null,
    "iso2": "PDL",
    "type": "metropolitan region",
    "latitude": "47.65948640",
    "longitude": "-0.81861430",
    "native": "Pays-de-la-Loire",
    "timezone": "Europe/Paris",
    "translations": {}
  },
  {
    "id": 4812,
    "name": "Provence-Alpes-Côte-d’Azur",
    "country_id": 75,
    "country_code": "FR",
    "fips_code": null,
    "iso2": "PAC",
    "type": "metropolitan region",
    "latitude": "44.05805630",
    "longitude": "6.06385060",
    "native": "Provence-Alpes-Côte-d’Azur",
    "timezone": "Europe/Paris",
    "translations": {}
  },
  {
    "id": 5031,
    "name": "Puy-de-Dôme",
    "country_id": 75,
    "country_code": "FR",
    "fips_code": null,
    "iso2": "63",
    "type": "metropolitan department",
    "latitude": "45.77264940",
    "longitude": "2.96440700",
    "native": "Puy-de-Dôme",
    "timezone": "Europe/Paris",
    "translations": {}
  },
  {
    "id": 5032,
    "name": "Pyrénées-Atlantiques",
    "country_id": 75,
    "country_code": "FR",
    "fips_code": null,
    "iso2": "64",
    "type": "metropolitan department",
    "latitude": "43.18718650",
    "longitude": "-0.72824740",
    "native": "Pyrénées-Atlantiques",
    "timezone": "Europe/Paris",
    "translations": {}
  },
  {
    "id": 5034,
    "name": "Pyrénées-Orientales",
    "country_id": 75,
    "country_code": "FR",
    "fips_code": null,
    "iso2": "66",
    "type": "metropolitan department",
    "latitude": "42.62589400",
    "longitude": "2.50650900",
    "native": "Pyrénées-Orientales",
    "timezone": "Europe/Paris",
    "translations": {}
  },
  {
    "id": 5037,
    "name": "Rhône",
    "country_id": 75,
    "country_code": "FR",
    "fips_code": null,
    "iso2": "69",
    "type": "metropolitan department",
    "latitude": "45.88023480",
    "longitude": "4.56453360",
    "native": "Rhône",
    "timezone": "Europe/Paris",
    "translations": {}
  },
  {
    "id": 4821,
    "name": "Saint Pierre and Miquelon",
    "country_id": 75,
    "country_code": "FR",
    "fips_code": null,
    "iso2": "PM",
    "type": "overseas collectivity",
    "latitude": "46.83745440",
    "longitude": "-56.21205550",
    "native": "Saint Pierre and Miquelon",
    "timezone": "America/Miquelon",
    "translations": {}
  },
  {
    "id": 4794,
    "name": "Saint-Barthélemy",
    "country_id": 75,
    "country_code": "FR",
    "fips_code": null,
    "iso2": "BL",
    "type": "overseas collectivity",
    "latitude": "17.90051340",
    "longitude": "-62.82058710",
    "native": "Saint-Barthélemy",
    "timezone": "America/St_Barthelemy",
    "translations": {}
  },
  {
    "id": 4809,
    "name": "Saint-Martin",
    "country_id": 75,
    "country_code": "FR",
    "fips_code": null,
    "iso2": "MF",
    "type": "overseas collectivity",
    "latitude": "18.08140660",
    "longitude": "-63.04671310",
    "native": "Saint-Martin",
    "timezone": "America/Marigot",
    "translations": {}
  },
  {
    "id": 5040,
    "name": "Saône-et-Loire",
    "country_id": 75,
    "country_code": "FR",
    "fips_code": null,
    "iso2": "71",
    "type": "metropolitan department",
    "latitude": "46.65570860",
    "longitude": "4.55855480",
    "native": "Saône-et-Loire",
    "timezone": "Europe/Paris",
    "translations": {}
  },
  {
    "id": 5041,
    "name": "Sarthe",
    "country_id": 75,
    "country_code": "FR",
    "fips_code": null,
    "iso2": "72",
    "type": "metropolitan department",
    "latitude": "48.02692870",
    "longitude": "0.25382170",
    "native": "Sarthe",
    "timezone": "Europe/Paris",
    "translations": {}
  },
  {
    "id": 5042,
    "name": "Savoie",
    "country_id": 75,
    "country_code": "FR",
    "fips_code": null,
    "iso2": "73",
    "type": "metropolitan department",
    "latitude": "45.49489520",
    "longitude": "6.38466040",
    "native": "Savoie",
    "timezone": "Europe/Paris",
    "translations": {}
  },
  {
    "id": 5045,
    "name": "Seine-et-Marne",
    "country_id": 75,
    "country_code": "FR",
    "fips_code": null,
    "iso2": "77",
    "type": "metropolitan department",
    "latitude": "48.61902070",
    "longitude": "3.04181580",
    "native": "Seine-et-Marne",
    "timezone": "Europe/Paris",
    "translations": {}
  },
  {
    "id": 5044,
    "name": "Seine-Maritime",
    "country_id": 75,
    "country_code": "FR",
    "fips_code": null,
    "iso2": "76",
    "type": "metropolitan department",
    "latitude": "49.66323740",
    "longitude": "0.94011340",
    "native": "Seine-Maritime",
    "timezone": "Europe/Paris",
    "translations": {}
  },
  {
    "id": 5061,
    "name": "Seine-Saint-Denis",
    "country_id": 75,
    "country_code": "FR",
    "fips_code": null,
    "iso2": "93",
    "type": "metropolitan department",
    "latitude": "48.90981250",
    "longitude": "2.45286350",
    "native": "Seine-Saint-Denis",
    "timezone": "Europe/Paris",
    "translations": {}
  },
  {
    "id": 5048,
    "name": "Somme",
    "country_id": 75,
    "country_code": "FR",
    "fips_code": null,
    "iso2": "80",
    "type": "metropolitan department",
    "latitude": "49.96894820",
    "longitude": "2.37388550",
    "native": "Somme",
    "timezone": "Europe/Paris",
    "translations": {}
  },
  {
    "id": 5049,
    "name": "Tarn",
    "country_id": 75,
    "country_code": "FR",
    "fips_code": null,
    "iso2": "81",
    "type": "metropolitan department",
    "latitude": "43.79217410",
    "longitude": "2.13396480",
    "native": "Tarn",
    "timezone": "Europe/Paris",
    "translations": {}
  },
  {
    "id": 5050,
    "name": "Tarn-et-Garonne",
    "country_id": 75,
    "country_code": "FR",
    "fips_code": null,
    "iso2": "82",
    "type": "metropolitan department",
    "latitude": "44.08065600",
    "longitude": "1.20506330",
    "native": "Tarn-et-Garonne",
    "timezone": "Europe/Paris",
    "translations": {}
  },
  {
    "id": 5058,
    "name": "Territoire de Belfort",
    "country_id": 75,
    "country_code": "FR",
    "fips_code": null,
    "iso2": "90",
    "type": "metropolitan department",
    "latitude": "47.62923100",
    "longitude": "6.89930120",
    "native": "Territoire de Belfort",
    "timezone": "Europe/Paris",
    "translations": {}
  },
  {
    "id": 5063,
    "name": "Val-d'Oise",
    "country_id": 75,
    "country_code": "FR",
    "fips_code": null,
    "iso2": "95",
    "type": "metropolitan department",
    "latitude": "49.07507040",
    "longitude": "2.20981140",
    "native": "Val-d'Oise",
    "timezone": "Europe/Paris",
    "translations": {}
  },
  {
    "id": 5062,
    "name": "Val-de-Marne",
    "country_id": 75,
    "country_code": "FR",
    "fips_code": null,
    "iso2": "94",
    "type": "metropolitan department",
    "latitude": "48.77448930",
    "longitude": "2.45433210",
    "native": "Val-de-Marne",
    "timezone": "Europe/Paris",
    "translations": {}
  },
  {
    "id": 5051,
    "name": "Var",
    "country_id": 75,
    "country_code": "FR",
    "fips_code": null,
    "iso2": "83",
    "type": "metropolitan department",
    "latitude": "43.41735510",
    "longitude": "6.26646370",
    "native": "Notre",
    "timezone": "Europe/Paris",
    "translations": {}
  },
  {
    "id": 5052,
    "name": "Vaucluse",
    "country_id": 75,
    "country_code": "FR",
    "fips_code": null,
    "iso2": "84",
    "type": "metropolitan department",
    "latitude": "43.99386430",
    "longitude": "5.18188980",
    "native": "Vaucluse",
    "timezone": "Europe/Paris",
    "translations": {}
  },
  {
    "id": 5053,
    "name": "Vendée",
    "country_id": 75,
    "country_code": "FR",
    "fips_code": null,
    "iso2": "85",
    "type": "metropolitan department",
    "latitude": "46.67577320",
    "longitude": "-1.29144630",
    "native": "Vendée",
    "timezone": "Europe/Paris",
    "translations": {}
  },
  {
    "id": 5054,
    "name": "Vienne",
    "country_id": 75,
    "country_code": "FR",
    "fips_code": null,
    "iso2": "86",
    "type": "metropolitan department",
    "latitude": "45.52524000",
    "longitude": "4.87477000",
    "native": "Vienne",
    "timezone": "Europe/Paris",
    "translations": {}
  },
  {
    "id": 5056,
    "name": "Vosges",
    "country_id": 75,
    "country_code": "FR",
    "fips_code": null,
    "iso2": "88",
    "type": "metropolitan department",
    "latitude": "48.16378600",
    "longitude": "6.38207120",
    "native": "Vosges",
    "timezone": "Europe/Paris",
    "translations": {}
  },
  {
    "id": 4810,
    "name": "Wallis and Futuna",
    "country_id": 75,
    "country_code": "FR",
    "fips_code": null,
    "iso2": "WF",
    "type": "overseas collectivity",
    "latitude": "-13.28940200",
    "longitude": "-176.20422400",
    "native": "Wallis et Futuna",
    "timezone": "Pacific/Wallis",
    "translations": {}
  },
  {
    "id": 5057,
    "name": "Yonne",
    "country_id": 75,
    "country_code": "FR",
    "fips_code": null,
    "iso2": "89",
    "type": "metropolitan department",
    "latitude": "47.85512570",
    "longitude": "3.64504390",
    "native": "Yonne",
    "timezone": "Europe/Paris",
    "translations": {}
  },
  {
    "id": 5046,
    "name": "Yvelines",
    "country_id": 75,
    "country_code": "FR",
    "fips_code": null,
    "iso2": "78",
    "type": "metropolitan department",
    "latitude": "48.76203730",
    "longitude": "1.88713760",
    "native": "Yvelines",
    "timezone": "Europe/Paris",
    "translations": {}
  }
]