[
  {
    "id": 4023,
    "name": "Andaman and Nicobar Islands",
    "country_id": 101,
    "country_code": "IN",
    "fips_code": null,
    "iso2": "AN",
    "type": "union territory",
    "latitude": "12.61123870",
    "longitude": "92.83165410",
    "native": "अंडमान व नोकोबार द्वीप समूह",
    "timezone": "Asia/Kolkata",
    "translations": {}
  },
  {
    "id": 4017,
    "name": "Andhra Pradesh",
    "country_id": 101,
    "country_code": "IN",
    "fips_code": null,
    "iso2": "AP",
    "type": "state",
    "latitude": "15.92409050",
    "longitude": "80.18638090",
    "native": "आंध्र प्रदेश",
    "timezone": "Asia/Kolkata",
    "translations": {}
  },
  {
    "id": 4024,
    "name": "Arunachal Pradesh",
    "country_id": 101,
    "country_code": "IN",
    "fips_code": null,
    "iso2": "AR",
    "type": "state",
    "latitude": "28.09377020",
    "longitude": "94.59213260",
    "native": "Arunachal Pradesh",
    "timezone": "Asia/Kolkata",
    "translations": {}
  },
  {
    "id": 4027,
    "name": "Assam",
    "country_id": 101,
    "country_code": "IN",
    "fips_code": null,
    "iso2": "AS",
    "type": "state",
    "latitude": "26.40738410",
    "longitude": "93.25513030",
    "native": "असम",
    "timezone": "Asia/Kolkata",
    "translations": {}
  },
  {
    "id": 4037,
    "name": "Bihar",
    "country_id": 101,
    "country_code": "IN",
    "fips_code": null,
    "iso2": "BR",
    "type": "state",
    "latitude": "25.64408450",
    "longitude": "85.90650800",
    "native": "बिहार",
    "timezone": "Asia/Kolkata",
    "translations": {}
  },
  {
    "id": 4031,
    "name": "Chandigarh",
    "country_id": 101,
    "country_code": "IN",
    "fips_code": null,
    "iso2": "CH",
    "type": "union territory",
    "latitude": "30.73331480",
    "longitude": "76.77941790",
    "native": "चंडीगढ़",
    "timezone": "Asia/Kolkata",
    "translations": {}
  },
  {
    "id": 4040,
    "name": "Chhattisgarh",
    "country_id": 101,
    "country_code": "IN",
    "fips_code": null,
    "iso2": "CT",
    "type": "state",
    "latitude": "21.66373590",
    "longitude": "81.84063510",
    "native": "Chhattisgarh",
    "timezone": "Asia/Kolkata",
    "translations": {}
  },
  {
    "id": 4033,
    "name": "Dadra and Nagar Haveli and Daman and Diu",
    "country_id": 101,
    "country_code": "IN",
    "fips_code": null,
    "iso2": "DH",
    "type": "union territory",
    "latitude": "20.71817490",
    "longitude": "70.93238340",
    "native": "Dadra and Nagar Haveli and Daman and Diu",
    "timezone": "Asia/Kolkata",
    "translations": {}
  },
  {
    "id": 4021,
    "name": "Delhi",
    "country_id": 101,
    "country_code": "IN",
    "fips_code": null,
    "iso2": "DL",
    "type": "union territory",
    "latitude": "28.63280270",
    "longitude": "77.21977130",
    "native": "दिल्ली",
    "timezone": "Asia/Kolkata",
    "translations": {}
  },
  {
    "id": 4009,
    "name": "Goa",
    "country_id": 101,
    "country_code": "IN",
    "fips_code": null,
    "iso2": "GA",
    "type": "state",
    "latitude": "15.30045430",
    "longitude": "74.08551340",
    "native": "गोवा",
    "timezone": "Asia/Kolkata",
    "translations": {}
  },
  {
    "id": 4030,
    "name": "Gujarat",
    "country_id": 101,
    "country_code": "IN",
    "fips_code": null,
    "iso2": "GJ",
    "type": "state",
    "latitude": "22.38500510",
    "longitude": "71.74526100",
    "native": "Gujarat",
    "timezone": "Asia/Kolkata",
    "translations": {}
  },
  {
    "id": 4007,
    "name": "Haryana",
    "country_id": 101,
    "country_code": "IN",
    "fips_code": null,
    "iso2": "HR",
    "type": "state",
    "latitude": "29.00000000",
    "longitude": "76.00000000",
    "native": "हरयाणा",
    "timezone": "Asia/Kolkata",
    "translations": {}
  },
  {
    "id": 4020,
    "name": "Himachal Pradesh",
    "country_id": 101,
    "country_code": "IN",
    "fips_code": null,
    "iso2": "HP",
    "type": "state",
    "latitude": "31.92923520",
    "longitude": "77.18284620",
    "native": "हिमाचल प्रदेश",
    "timezone": "Asia/Kolkata",
    "translations": {}
  },
  {
    "id": 4029,
    "name": "Jammu and Kashmir",
    "country_id": 101,
    "country_code": "IN",
    "fips_code": null,
    "iso2": "JK",
    "type": "union territory",
    "latitude": "33.66492970",
    "longitude": "75.16295840",
    "native": "जम्मू और कश्मीर",
    "timezone": "Asia/Kolkata",
    "translations": {}
  },
  {
    "id": 4025,
    "name": "Jharkhand",
    "country_id": 101,
    "country_code": "IN",
    "fips_code": null,
    "iso2": "JH",
    "type": "state",
    "latitude": "23.45598090",
    "longitude": "85.25573010",
    "native": "झारखंड",
    "timezone": "Asia/Kolkata",
    "translations": {}
  },
  {
    "id": 4026,
    "name": "Karnataka",
    "country_id": 101,
    "country_code": "IN",
    "fips_code": null,
    "iso2": "KA",
    "type": "state",
    "latitude": "14.52038960",
    "longitude": "75.72235210",
    "native": "Karnataka",
    "timezone": "Asia/Kolkata",
    "translations": {}
  },
  {
    "id": 4028,
    "name": "Kerala",
    "country_id": 101,
    "country_code": "IN",
    "fips_code": null,
    "iso2": "KL",
    "type": "state",
    "latitude": "10.35287440",
    "longitude": "76.51203960",
    "native": "केरल",
    "timezone": "Asia/Kolkata",
    "translations": {}
  },
  {
    "id": 4852,
    "name": "Ladakh",
    "country_id": 101,
    "country_code": "IN",
    "fips_code": null,
    "iso2": "LA",
    "type": "union territory",
    "latitude": "33.94564070",
    "longitude": "77.65685760",
    "native": "Ladakh",
    "timezone": "Asia/Kolkata",
    "translations": {}
  },
  {
    "id": 4019,
    "name": "Lakshadweep",
    "country_id": 101,
    "country_code": "IN",
    "fips_code": null,
    "iso2": "LD",
    "type": "union territory",
    "latitude": "10.33373130",
    "longitude": "72.92053860",
    "native": "लक्षद्वीप",
    "timezone": "Etc/GMT-5",
    "translations": {}
  },
  {
    "id": 4039,
    "name": "Madhya Pradesh",
    "country_id": 101,
    "country_code": "IN",
    "fips_code": null,
    "iso2": "MP",
    "type": "state",
    "latitude": "23.81434190",
    "longitude": "77.53407190",
    "native": "मध्य प्रदेश",
    "timezone": "Asia/Kolkata",
    "translations": {}
  },
  {
    "id": 4008,
    "name": "Maharashtra",
    "country_id": 101,
    "country_code": "IN",
    "fips_code": null,
    "iso2": "MH",
    "type": "state",
    "latitude": "18.90683560",
    "longitude": "75.67415790",
    "native": "महाराष्ट्र",
    "timezone": "Asia/Kolkata",
    "translations": {}
  },
  {
    "id": 4010,
    "name": "Manipur",
    "country_id": 101,
    "country_code": "IN",
    "fips_code": null,
    "iso2": "MN",
    "type": "state",
    "latitude": "24.72088180",
    "longitude": "93.92293860",
    "native": "मणिपुर",
    "timezone": "Asia/Kolkata",
    "translations": {}
  },
  {
    "id": 4006,
    "name": "Meghalaya",
    "country_id": 101,
    "country_code": "IN",
    "fips_code": null,
    "iso2": "ML",
    "type": "state",
    "latitude": "25.53794320",
    "longitude": "91.29991020",
    "native": "मेघालय",
    "timezone": "Asia/Kolkata",
    "translations": {}
  },
  {
    "id": 4036,
    "name": "Mizoram",
    "country_id": 101,
    "country_code": "IN",
    "fips_code": null,
    "iso2": "MZ",
    "type": "state",
    "latitude": "23.21461690",
    "longitude": "92.86876120",
    "native": "मिजोरम",
    "timezone": "Asia/Kolkata",
    "translations": {}
  },
  {
    "id": 4018,
    "name": "Nagaland",
    "country_id": 101,
    "country_code": "IN",
    "fips_code": null,
    "iso2": "NL",
    "type": "state",
    "latitude": "26.16305560",
    "longitude": "94.58849110",
    "native": "नगालैंड",
    "timezone": "Asia/Kolkata",
    "translations": {}
  },
  {
    "id": 4013,
    "name": "Odisha",
    "country_id": 101,
    "country_code": "IN",
    "fips_code": null,
    "iso2": "OR",
    "type": "state",
    "latitude": "20.54312410",
    "longitude": "84.68973210",
    "native": "ओडिशा",
    "timezone": "Asia/Kolkata",
    "translations": {}
  },
  {
    "id": 4011,
    "name": "Puducherry",
    "country_id": 101,
    "country_code": "IN",
    "fips_code": null,
    "iso2": "PY",
    "type": "union territory",
    "latitude": "11.93405680",
    "longitude": "79.83064470",
    "native": "पुदुचेरी",
    "timezone": "Asia/Kolkata",
    "translations": {}
  },
  {
    "id": 4015,
    "name": "Punjab",
    "country_id": 101,
    "country_code": "IN",
    "fips_code": null,
    "iso2": "PB",
    "type": "state",
    "latitude": "30.92932110",
    "longitude": "75.50048410",
    "native": "पंजाब",
    "timezone": "Asia/Kolkata",
    "translations": {}
  },
  {
    "id": 4014,
    "name": "Rajasthan",
    "country_id": 101,
    "country_code": "IN",
    "fips_code": null,
    "iso2": "RJ",
    "type": "state",
    "latitude": "26.81057770",
    "longitude": "73.76845490",
    "native": "Rajasthan",
    "timezone": "Asia/Kolkata",
    "translations": {}
  },
  {
    "id": 4034,
    "name": "Sikkim",
    "country_id": 101,
    "country_code": "IN",
    "fips_code": null,
    "iso2": "SK",
    "type": "state",
    "latitude": "27.60102900",
    "longitude": "88.45413640",
    "native": "Sikkim",
    "timezone": "Asia/Kolkata",
    "translations": {}
  },
  {
    "id": 4035,
    "name": "Tamil Nadu",
    "country_id": 101,
    "country_code": "IN",
    "fips_code": null,
    "iso2": "TN",
    "type": "state",
    "latitude": "10.90943340",
    "longitude": "78.36653470",
    "native": "तमिलनाडु",
    "timezone": "Asia/Kolkata",
    "translations": {}
  },
  {
    "id": 4012,
    "name": "Telangana",
    "country_id": 101,
    "country_code": "IN",
    "fips_code": null,
    "iso2": "TG",
    "type": "state",
    "latitude": "17.84959190",
    "longitude": "79.11516630",
    "native": "तेलंगाना",
    "timezone": "Asia/Kolkata",
    "translations": {}
  },
  {
    "id": 4038,
    "name": "Tripura",
    "country_id": 101,
    "country_code": "IN",
    "fips_code": null,
    "iso2": "TR",
    "type": "state",
    "latitude": "23.77508230",
    "longitude": "91.70250910",
    "native": "त्रिपुरा",
    "timezone": "Asia/Kolkata",
    "translations": {}
  },
  {
    "id": 4022,
    "name": "Uttar Pradesh",
    "country_id": 101,
    "country_code": "IN",
    "fips_code": null,
    "iso2": "UP",
    "type": "state",
    "latitude": "27.13033440",
    "longitude": "80.85966600",
    "native": "Uttar Pradesh",
    "timezone": "Asia/Kolkata",
    "translations": {}
  },
  {
    "id": 4016,
    "name": "Uttarakhand",
    "country_id": 101,
    "country_code": "IN",
    "fips_code": null,
    "iso2": "UK",
    "type": "state",
    "latitude": "30.04173760",
    "longitude": "79.08969100",
    "native": "उत्तराखंड",
    "timezone": "Asia/Kolkata",
    "translations": {}
  },
  {
    "id": 4853,
    "name": "West Bengal",
    "country_id": 101,
    "country_code": "IN",
    "fips_code": null,
    "iso2": "WB",
    "type": "state",
    "latitude": "22.99649480",
    "longitude": "87.68558820",
    "native": "पश्चिम बंगाल",
    "timezone": "Asia/Kolkata",
    "translations": {}
  }
]