[
  {
    "id": 1324,
    "name": "Abra",
    "country_id": 174,
    "country_code": "PH",
    "fips_code": null,
    "iso2": "ABR",
    "type": "province",
    "latitude": "17.58000000",
    "longitude": "120.80000000",
    "native": "Abra",
    "timezone": "Asia/Manila",
    "translations": {}
  },
  {
    "id": 1323,
    "name": "Agusan del Norte",
    "country_id": 174,
    "country_code": "PH",
    "fips_code": null,
    "iso2": "AGN",
    "type": "province",
    "latitude": "8.92000000",
    "longitude": "125.46000000",
    "native": "Agusan del Norte",
    "timezone": "Asia/Manila",
    "translations": {}
  },
  {
    "id": 1326,
    "name": "Agusan del Sur",
    "country_id": 174,
    "country_code": "PH",
    "fips_code": null,
    "iso2": "AGS",
    "type": "province",
    "latitude": "8.36000000",
    "longitude": "125.71000000",
    "native": "Agusan del Sur",
    "timezone": "Asia/Manila",
    "translations": {}
  },
  {
    "id": 1331,
    "name": "Aklan",
    "country_id": 174,
    "country_code": "PH",
    "fips_code": null,
    "iso2": "AKL",
    "type": "province",
    "latitude": "11.62978940",
    "longitude": "122.24811770",
    "native": "Aklan",
    "timezone": "Asia/Manila",
    "translations": {}
  },
  {
    "id": 1337,
    "name": "Albay",
    "country_id": 174,
    "country_code": "PH",
    "fips_code": null,
    "iso2": "ALB",
    "type": "province",
    "latitude": "13.21666700",
    "longitude": "123.55000000",
    "native": "Albay",
    "timezone": "Asia/Manila",
    "translations": {}
  },
  {
    "id": 1336,
    "name": "Antique",
    "country_id": 174,
    "country_code": "PH",
    "fips_code": null,
    "iso2": "ANT",
    "type": "province",
    "latitude": "11.17050660",
    "longitude": "122.08333300",
    "native": "Antique",
    "timezone": "Asia/Manila",
    "translations": {}
  },
  {
    "id": 1334,
    "name": "Apayao",
    "country_id": 174,
    "country_code": "PH",
    "fips_code": null,
    "iso2": "APA",
    "type": "province",
    "latitude": "18.12000000",
    "longitude": "121.19000000",
    "native": "Apayao",
    "timezone": "Asia/Manila",
    "translations": {}
  },
  {
    "id": 1341,
    "name": "Aurora",
    "country_id": 174,
    "country_code": "PH",
    "fips_code": null,
    "iso2": "AUR",
    "type": "province",
    "latitude": "16.99088110",
    "longitude": "121.63580000",
    "native": "Aurora",
    "timezone": "Asia/Manila",
    "translations": {}
  },
  {
    "id": 1316,
    "name": "Autonomous Region in Muslim Mindanao",
    "country_id": 174,
    "country_code": "PH",
    "fips_code": null,
    "iso2": "14",
    "type": "region",
    "latitude": "7.22420330",
    "longitude": "124.24701640",
    "native": "Autonomous Region in Muslim Mindanao",
    "timezone": "Asia/Manila",
    "translations": {}
  },
  {
    "id": 1346,
    "name": "Basilan",
    "country_id": 174,
    "country_code": "PH",
    "fips_code": null,
    "iso2": "BAS",
    "type": "province",
    "latitude": "6.56498210",
    "longitude": "122.06491830",
    "native": "Basilan",
    "timezone": "Asia/Manila",
    "translations": {}
  },
  {
    "id": 1344,
    "name": "Bataan",
    "country_id": 174,
    "country_code": "PH",
    "fips_code": null,
    "iso2": "BAN",
    "type": "province",
    "latitude": "14.64360310",
    "longitude": "120.46576220",
    "native": "Bataan",
    "timezone": "Asia/Manila",
    "translations": {}
  },
  {
    "id": 1352,
    "name": "Batanes",
    "country_id": 174,
    "country_code": "PH",
    "fips_code": null,
    "iso2": "BTN",
    "type": "province",
    "latitude": "20.64424650",
    "longitude": "121.89394560",
    "native": "Batanes",
    "timezone": "Asia/Manila",
    "translations": {}
  },
  {
    "id": 1359,
    "name": "Batangas",
    "country_id": 174,
    "country_code": "PH",
    "fips_code": null,
    "iso2": "BTG",
    "type": "province",
    "latitude": "13.75646510",
    "longitude": "121.05830760",
    "native": "Batangas",
    "timezone": "Asia/Manila",
    "translations": {}
  },
  {
    "id": 1363,
    "name": "Benguet",
    "country_id": 174,
    "country_code": "PH",
    "fips_code": null,
    "iso2": "BEN",
    "type": "province",
    "latitude": "16.52000000",
    "longitude": "120.69000000",
    "native": "Benguet",
    "timezone": "Asia/Manila",
    "translations": {}
  },
  {
    "id": 1304,
    "name": "Bicol",
    "country_id": 174,
    "country_code": "PH",
    "fips_code": null,
    "iso2": "05",
    "type": "region",
    "latitude": "13.07644890",
    "longitude": "123.51623870",
    "native": "Bicol",
    "timezone": "Asia/Manila",
    "translations": {}
  },
  {
    "id": 1274,
    "name": "Biliran",
    "country_id": 174,
    "country_code": "PH",
    "fips_code": null,
    "iso2": "BIL",
    "type": "province",
    "latitude": "11.58535470",
    "longitude": "124.48546270",
    "native": "Biliran",
    "timezone": "Asia/Manila",
    "translations": {}
  },
  {
    "id": 1272,
    "name": "Bohol",
    "country_id": 174,
    "country_code": "PH",
    "fips_code": null,
    "iso2": "BOH",
    "type": "province",
    "latitude": "9.83333300",
    "longitude": "124.16155790",
    "native": "Bohol",
    "timezone": "Asia/Manila",
    "translations": {}
  },
  {
    "id": 1270,
    "name": "Bukidnon",
    "country_id": 174,
    "country_code": "PH",
    "fips_code": null,
    "iso2": "BUK",
    "type": "province",
    "latitude": "8.02277800",
    "longitude": "124.99861100",
    "native": "Bukidnon",
    "timezone": "Asia/Manila",
    "translations": {}
  },
  {
    "id": 1278,
    "name": "Bulacan",
    "country_id": 174,
    "country_code": "PH",
    "fips_code": null,
    "iso2": "BUL",
    "type": "province",
    "latitude": "15.00000000",
    "longitude": "121.08333300",
    "native": "Bulacan",
    "timezone": "Asia/Manila",
    "translations": {}
  },
  {
    "id": 1279,
    "name": "Cagayan",
    "country_id": 174,
    "country_code": "PH",
    "fips_code": null,
    "iso2": "CAG",
    "type": "province",
    "latitude": "18.00000000",
    "longitude": "121.83333300",
    "native": "Cagayan",
    "timezone": "Asia/Manila",
    "translations": {}
  },
  {
    "id": 1342,
    "name": "Cagayan Valley",
    "country_id": 174,
    "country_code": "PH",
    "fips_code": null,
    "iso2": "02",
    "type": "region",
    "latitude": "17.67221560",
    "longitude": "121.88310430",
    "native": "Cagayan Valley",
    "timezone": "Asia/Manila",
    "translations": {}
  },
  {
    "id": 1294,
    "name": "Calabarzon",
    "country_id": 174,
    "country_code": "PH",
    "fips_code": null,
    "iso2": "40",
    "type": "region",
    "latitude": "14.16583140",
    "longitude": "121.35355770",
    "native": "CALABARZON",
    "timezone": "Asia/Manila",
    "translations": {}
  },
  {
    "id": 1283,
    "name": "Camarines Norte",
    "country_id": 174,
    "country_code": "PH",
    "fips_code": null,
    "iso2": "CAN",
    "type": "province",
    "latitude": "14.16666700",
    "longitude": "122.75000000",
    "native": "Camarines Norte",
    "timezone": "Asia/Manila",
    "translations": {}
  },
  {
    "id": 1287,
    "name": "Camarines Sur",
    "country_id": 174,
    "country_code": "PH",
    "fips_code": null,
    "iso2": "CAS",
    "type": "province",
    "latitude": "13.64282160",
    "longitude": "123.32823380",
    "native": "Camarines on",
    "timezone": "Asia/Manila",
    "translations": {}
  },
  {
    "id": 1285,
    "name": "Camiguin",
    "country_id": 174,
    "country_code": "PH",
    "fips_code": null,
    "iso2": "CAM",
    "type": "province",
    "latitude": "9.17321640",
    "longitude": "124.72987650",
    "native": "Camiguin",
    "timezone": "Asia/Manila",
    "translations": {}
  },
  {
    "id": 1292,
    "name": "Capiz",
    "country_id": 174,
    "country_code": "PH",
    "fips_code": null,
    "iso2": "CAP",
    "type": "province",
    "latitude": "11.38529870",
    "longitude": "122.63773150",
    "native": "Capiz",
    "timezone": "Asia/Manila",
    "translations": {}
  },
  {
    "id": 1314,
    "name": "Caraga",
    "country_id": 174,
    "country_code": "PH",
    "fips_code": null,
    "iso2": "13",
    "type": "region",
    "latitude": "9.25173360",
    "longitude": "125.85166600",
    "native": "Caraga",
    "timezone": "Asia/Manila",
    "translations": {}
  },
  {
    "id": 1301,
    "name": "Catanduanes",
    "country_id": 174,
    "country_code": "PH",
    "fips_code": null,
    "iso2": "CAT",
    "type": "province",
    "latitude": "13.83333300",
    "longitude": "124.25000000",
    "native": "Catanduanes",
    "timezone": "Asia/Manila",
    "translations": {}
  },
  {
    "id": 1307,
    "name": "Cavite",
    "country_id": 174,
    "country_code": "PH",
    "fips_code": null,
    "iso2": "CAV",
    "type": "province",
    "latitude": "14.48209190",
    "longitude": "120.90891900",
    "native": "Cavite",
    "timezone": "Asia/Manila",
    "translations": {}
  },
  {
    "id": 1306,
    "name": "Cebu",
    "country_id": 174,
    "country_code": "PH",
    "fips_code": null,
    "iso2": "CEB",
    "type": "province",
    "latitude": "10.29356390",
    "longitude": "123.90192090",
    "native": "Cebu",
    "timezone": "Asia/Manila",
    "translations": {}
  },
  {
    "id": 1345,
    "name": "Central Luzon",
    "country_id": 174,
    "country_code": "PH",
    "fips_code": null,
    "iso2": "03",
    "type": "region",
    "latitude": "15.39427290",
    "longitude": "120.68729590",
    "native": "Central Luzon",
    "timezone": "Asia/Manila",
    "translations": {}
  },
  {
    "id": 1308,
    "name": "Central Visayas",
    "country_id": 174,
    "country_code": "PH",
    "fips_code": null,
    "iso2": "07",
    "type": "region",
    "latitude": "10.47345040",
    "longitude": "123.86480830",
    "native": "Central Visayas",
    "timezone": "Asia/Manila",
    "translations": {}
  },
  {
    "id": 1335,
    "name": "Cordillera Administrative",
    "country_id": 174,
    "country_code": "PH",
    "fips_code": null,
    "iso2": "15",
    "type": "region",
    "latitude": "17.35971010",
    "longitude": "121.07169230",
    "native": "Cordillera Administrative",
    "timezone": "Asia/Manila",
    "translations": {}
  },
  {
    "id": 1320,
    "name": "Cotabato",
    "country_id": 174,
    "country_code": "PH",
    "fips_code": null,
    "iso2": "NCO",
    "type": "province",
    "latitude": "7.22376280",
    "longitude": "124.24670620",
    "native": "Cotabato",
    "timezone": "Asia/Manila",
    "translations": {}
  },
  {
    "id": 1340,
    "name": "Davao",
    "country_id": 174,
    "country_code": "PH",
    "fips_code": null,
    "iso2": "11",
    "type": "region",
    "latitude": "7.06483060",
    "longitude": "125.60806230",
    "native": "Davao",
    "timezone": "Asia/Manila",
    "translations": {}
  },
  {
    "id": 1311,
    "name": "Davao de Oro",
    "country_id": 174,
    "country_code": "PH",
    "fips_code": null,
    "iso2": "COM",
    "type": "province",
    "latitude": "7.45000000",
    "longitude": "126.07000000",
    "native": "Davao de Oro",
    "timezone": "Asia/Manila",
    "translations": {}
  },
  {
    "id": 1319,
    "name": "Davao del Norte",
    "country_id": 174,
    "country_code": "PH",
    "fips_code": null,
    "iso2": "DAV",
    "type": "province",
    "latitude": "7.61792280",
    "longitude": "125.68326870",
    "native": "Davao del Norte",
    "timezone": "Asia/Manila",
    "translations": {}
  },
  {
    "id": 1318,
    "name": "Davao del Sur",
    "country_id": 174,
    "country_code": "PH",
    "fips_code": null,
    "iso2": "DAS",
    "type": "province",
    "latitude": "6.69836580",
    "longitude": "125.36121350",
    "native": "South Davao",
    "timezone": "Asia/Manila",
    "translations": {}
  },
  {
    "id": 1309,
    "name": "Davao Occidental",
    "country_id": 174,
    "country_code": "PH",
    "fips_code": null,
    "iso2": "DVO",
    "type": "province",
    "latitude": "6.27000000",
    "longitude": "125.60000000",
    "native": "Davao Occidental",
    "timezone": "Asia/Manila",
    "translations": {}
  },
  {
    "id": 1289,
    "name": "Davao Oriental",
    "country_id": 174,
    "country_code": "PH",
    "fips_code": null,
    "iso2": "DAO",
    "type": "province",
    "latitude": "7.16666700",
    "longitude": "126.33333300",
    "native": "Davao Oriental",
    "timezone": "Asia/Manila",
    "translations": {}
  },
  {
    "id": 1291,
    "name": "Dinagat Islands",
    "country_id": 174,
    "country_code": "PH",
    "fips_code": null,
    "iso2": "DIN",
    "type": "province",
    "latitude": "10.15779320",
    "longitude": "125.58518270",
    "native": "Dinagat Islands",
    "timezone": "Asia/Manila",
    "translations": {}
  },
  {
    "id": 1290,
    "name": "Eastern Samar",
    "country_id": 174,
    "country_code": "PH",
    "fips_code": null,
    "iso2": "EAS",
    "type": "province",
    "latitude": "11.73000000",
    "longitude": "125.37000000",
    "native": "Eastern Samar",
    "timezone": "Asia/Manila",
    "translations": {}
  },
  {
    "id": 1322,
    "name": "Eastern Visayas",
    "country_id": 174,
    "country_code": "PH",
    "fips_code": null,
    "iso2": "08",
    "type": "region",
    "latitude": "11.29452780",
    "longitude": "124.99595080",
    "native": "Eastern Visayas",
    "timezone": "Asia/Manila",
    "translations": {}
  },
  {
    "id": 1303,
    "name": "Guimaras",
    "country_id": 174,
    "country_code": "PH",
    "fips_code": null,
    "iso2": "GUI",
    "type": "province",
    "latitude": "10.57306290",
    "longitude": "122.62389070",
    "native": "Guimaras",
    "timezone": "Asia/Manila",
    "translations": {}
  },
  {
    "id": 1300,
    "name": "Ifugao",
    "country_id": 174,
    "country_code": "PH",
    "fips_code": null,
    "iso2": "IFU",
    "type": "province",
    "latitude": "16.87000000",
    "longitude": "121.22000000",
    "native": "Ifugao",
    "timezone": "Asia/Manila",
    "translations": {}
  },
  {
    "id": 1355,
    "name": "Ilocos",
    "country_id": 174,
    "country_code": "PH",
    "fips_code": null,
    "iso2": "01",
    "type": "region",
    "latitude": "17.20000000",
    "longitude": "120.50000000",
    "native": "Ilocos",
    "timezone": "Asia/Manila",
    "translations": {}
  },
  {
    "id": 1298,
    "name": "Ilocos Norte",
    "country_id": 174,
    "country_code": "PH",
    "fips_code": null,
    "iso2": "ILN",
    "type": "province",
    "latitude": "18.16666700",
    "longitude": "120.75000000",
    "native": "Ilocos Norte",
    "timezone": "Asia/Manila",
    "translations": {}
  },
  {
    "id": 1321,
    "name": "Ilocos Sur",
    "country_id": 174,
    "country_code": "PH",
    "fips_code": null,
    "iso2": "ILS",
    "type": "province",
    "latitude": "17.20000000",
    "longitude": "120.50000000",
    "native": "Ilocos Sur Ilocos Sur",
    "timezone": "Asia/Manila",
    "translations": {}
  },
  {
    "id": 1315,
    "name": "Iloilo",
    "country_id": 174,
    "country_code": "PH",
    "fips_code": null,
    "iso2": "ILI",
    "type": "province",
    "latitude": "10.69328840",
    "longitude": "122.57326040",
    "native": "Iloilo",
    "timezone": "Asia/Manila",
    "translations": {}
  },
  {
    "id": 1313,
    "name": "Isabela",
    "country_id": 174,
    "country_code": "PH",
    "fips_code": null,
    "iso2": "ISA",
    "type": "province",
    "latitude": "17.00000000",
    "longitude": "122.00000000",
    "native": "Isabela",
    "timezone": "Asia/Manila",
    "translations": {}
  },
  {
    "id": 1312,
    "name": "Kalinga",
    "country_id": 174,
    "country_code": "PH",
    "fips_code": null,
    "iso2": "KAL",
    "type": "province",
    "latitude": "17.46000000",
    "longitude": "121.31000000",
    "native": "Kalinga",
    "timezone": "Asia/Manila",
    "translations": {}
  },
  {
    "id": 1317,
    "name": "La Union",
    "country_id": 174,
    "country_code": "PH",
    "fips_code": null,
    "iso2": "LUN",
    "type": "province",
    "latitude": "16.57359570",
    "longitude": "120.40898990",
    "native": "Union",
    "timezone": "Asia/Manila",
    "translations": {}
  },
  {
    "id": 1328,
    "name": "Laguna",
    "country_id": 174,
    "country_code": "PH",
    "fips_code": null,
    "iso2": "LAG",
    "type": "province",
    "latitude": "14.16964760",
    "longitude": "121.33365260",
    "native": "Laguna",
    "timezone": "Asia/Manila",
    "translations": {}
  },
  {
    "id": 1327,
    "name": "Lanao del Norte",
    "country_id": 174,
    "country_code": "PH",
    "fips_code": null,
    "iso2": "LAN",
    "type": "province",
    "latitude": "7.95797230",
    "longitude": "123.90211240",
    "native": "Lanao del Norte",
    "timezone": "Asia/Manila",
    "translations": {}
  },
  {
    "id": 1333,
    "name": "Lanao del Sur",
    "country_id": 174,
    "country_code": "PH",
    "fips_code": null,
    "iso2": "LAS",
    "type": "province",
    "latitude": "7.87764430",
    "longitude": "124.37547590",
    "native": "Lanao of the South",
    "timezone": "Asia/Manila",
    "translations": {}
  },
  {
    "id": 1332,
    "name": "Leyte",
    "country_id": 174,
    "country_code": "PH",
    "fips_code": null,
    "iso2": "LEY",
    "type": "province",
    "latitude": "10.78411570",
    "longitude": "124.89232100",
    "native": "Leyte",
    "timezone": "Asia/Manila",
    "translations": {}
  },
  {
    "id": 1330,
    "name": "Maguindanao del Norte",
    "country_id": 174,
    "country_code": "PH",
    "fips_code": null,
    "iso2": "MGN",
    "type": "province",
    "latitude": "7.10883560",
    "longitude": "124.20729450",
    "native": "Maguindanao del Norte",
    "timezone": "Asia/Manila",
    "translations": {}
  },
  {
    "id": 1347,
    "name": "Maguindanao del Sur",
    "country_id": 174,
    "country_code": "PH",
    "fips_code": null,
    "iso2": "MGS",
    "type": "province",
    "latitude": "6.92341960",
    "longitude": "124.53653570",
    "native": "South.",
    "timezone": "Asia/Manila",
    "translations": {}
  },
  {
    "id": 1329,
    "name": "Marinduque",
    "country_id": 174,
    "country_code": "PH",
    "fips_code": null,
    "iso2": "MAD",
    "type": "province",
    "latitude": "13.41666700",
    "longitude": "121.95000000",
    "native": "Marinduque",
    "timezone": "Asia/Manila",
    "translations": {}
  },
  {
    "id": 1338,
    "name": "Masbate",
    "country_id": 174,
    "country_code": "PH",
    "fips_code": null,
    "iso2": "MAS",
    "type": "province",
    "latitude": "12.37108990",
    "longitude": "123.62392230",
    "native": "Masbate",
    "timezone": "Asia/Manila",
    "translations": {}
  },
  {
    "id": 1299,
    "name": "Mimaropa",
    "country_id": 174,
    "country_code": "PH",
    "fips_code": null,
    "iso2": "41",
    "type": "region",
    "latitude": "13.01064360",
    "longitude": "121.41157470",
    "native": "MIMAROPA",
    "timezone": "Asia/Manila",
    "translations": {}
  },
  {
    "id": 1343,
    "name": "Misamis Occidental",
    "country_id": 174,
    "country_code": "PH",
    "fips_code": null,
    "iso2": "MSC",
    "type": "province",
    "latitude": "8.33749030",
    "longitude": "123.70706190",
    "native": "Misamis Occidental",
    "timezone": "Asia/Manila",
    "translations": {}
  },
  {
    "id": 1348,
    "name": "Misamis Oriental",
    "country_id": 174,
    "country_code": "PH",
    "fips_code": null,
    "iso2": "MSR",
    "type": "province",
    "latitude": "8.65348070",
    "longitude": "124.82352050",
    "native": "Eastern Misamis",
    "timezone": "Asia/Manila",
    "translations": {}
  },
  {
    "id": 1353,
    "name": "Mountain Province",
    "country_id": 174,
    "country_code": "PH",
    "fips_code": null,
    "iso2": "MOU",
    "type": "province",
    "latitude": "17.11000000",
    "longitude": "121.16000000",
    "native": "Mountain Province",
    "timezone": "Asia/Manila",
    "translations": {}
  },
  {
    "id": 5324,
    "name": "National Capital Region (Metro Manila)",
    "country_id": 174,
    "country_code": "PH",
    "fips_code": null,
    "iso2": "00",
    "type": "region",
    "latitude": "14.58002970",
    "longitude": "120.98553600",
    "native": "National Capital Region (Metro Manila)",
    "timezone": "Asia/Manila",
    "translations": {}
  },
  {
    "id": 1351,
    "name": "Negros Occidental",
    "country_id": 174,
    "country_code": "PH",
    "fips_code": null,
    "iso2": "NEC",
    "type": "province",
    "latitude": "10.41666700",
    "longitude": "123.00000000",
    "native": "Western blacks",
    "timezone": "Asia/Manila",
    "translations": {}
  },
  {
    "id": 1350,
    "name": "Negros Oriental",
    "country_id": 174,
    "country_code": "PH",
    "fips_code": null,
    "iso2": "NER",
    "type": "province",
    "latitude": "9.75000000",
    "longitude": "123.00000000",
    "native": "Eastern blacks",
    "timezone": "Asia/Manila",
    "translations": {}
  },
  {
    "id": 1339,
    "name": "Northern Mindanao",
    "country_id": 174,
    "country_code": "PH",
    "fips_code": null,
    "iso2": "10",
    "type": "region",
    "latitude": "8.39795490",
    "longitude": "124.71068800",
    "native": "Northern Mindanao",
    "timezone": "Asia/Manila",
    "translations": {}
  },
  {
    "id": 1349,
    "name": "Northern Samar",
    "country_id": 174,
    "country_code": "PH",
    "fips_code": null,
    "iso2": "NSA",
    "type": "province",
    "latitude": "12.42000000",
    "longitude": "124.81000000",
    "native": "Northern Samar",
    "timezone": "Asia/Manila",
    "translations": {}
  },
  {
    "id": 1360,
    "name": "Nueva Ecija",
    "country_id": 174,
    "country_code": "PH",
    "fips_code": null,
    "iso2": "NUE",
    "type": "province",
    "latitude": "15.58333300",
    "longitude": "121.00000000",
    "native": "New Ecija",
    "timezone": "Asia/Manila",
    "translations": {}
  },
  {
    "id": 1358,
    "name": "Nueva Vizcaya",
    "country_id": 174,
    "country_code": "PH",
    "fips_code": null,
    "iso2": "NUV",
    "type": "province",
    "latitude": "16.35000000",
    "longitude": "121.13000000",
    "native": "New Biscay",
    "timezone": "Asia/Manila",
    "translations": {}
  },
  {
    "id": 1356,
    "name": "Occidental Mindoro",
    "country_id": 174,
    "country_code": "PH",
    "fips_code": null,
    "iso2": "MDC",
    "type": "province",
    "latitude": "13.00000210",
    "longitude": "120.91666660",
    "native": "Occidental Mindoro",
    "timezone": "Asia/Manila",
    "translations": {}
  },
  {
    "id": 1354,
    "name": "Oriental Mindoro",
    "country_id": 174,
    "country_code": "PH",
    "fips_code": null,
    "iso2": "MDR",
    "type": "province",
    "latitude": "13.20000000",
    "longitude": "121.20000000",
    "native": "Oriental Mindoro",
    "timezone": "Asia/Manila",
    "translations": {}
  },
  {
    "id": 1361,
    "name": "Palawan",
    "country_id": 174,
    "country_code": "PH",
    "fips_code": null,
    "iso2": "PLW",
    "type": "province",
    "latitude": "9.87784260",
    "longitude": "118.67649190",
    "native": "Palawan",
    "timezone": "Asia/Manila",
    "translations": {}
  },
  {
    "id": 1365,
    "name": "Pampanga",
    "country_id": 174,
    "country_code": "PH",
    "fips_code": null,
    "iso2": "PAM",
    "type": "province",
    "latitude": "15.05196350",
    "longitude": "120.64453980",
    "native": "Pampanga",
    "timezone": "Asia/Manila",
    "translations": {}
  },
  {
    "id": 1364,
    "name": "Pangasinan",
    "country_id": 174,
    "country_code": "PH",
    "fips_code": null,
    "iso2": "PAN",
    "type": "province",
    "latitude": "15.91666700",
    "longitude": "120.33333300",
    "native": "Pangasinan",
    "timezone": "Asia/Manila",
    "translations": {}
  },
  {
    "id": 1275,
    "name": "Quezon",
    "country_id": 174,
    "country_code": "PH",
    "fips_code": null,
    "iso2": "QUE",
    "type": "province",
    "latitude": "14.00670370",
    "longitude": "122.18272320",
    "native": "Quezon",
    "timezone": "Asia/Manila",
    "translations": {}
  },
  {
    "id": 1273,
    "name": "Quirino",
    "country_id": 174,
    "country_code": "PH",
    "fips_code": null,
    "iso2": "QUI",
    "type": "province",
    "latitude": "16.28333300",
    "longitude": "121.58333300",
    "native": "Quirino",
    "timezone": "Asia/Manila",
    "translations": {}
  },
  {
    "id": 1271,
    "name": "Rizal",
    "country_id": 174,
    "country_code": "PH",
    "fips_code": null,
    "iso2": "RIZ",
    "type": "province",
    "latitude": "14.65000000",
    "longitude": "121.25000000",
    "native": "Rizal",
    "timezone": "Asia/Manila",
    "translations": {}
  },
  {
    "id": 1269,
    "name": "Romblon",
    "country_id": 174,
    "country_code": "PH",
    "fips_code": null,
    "iso2": "ROM",
    "type": "province",
    "latitude": "12.57780160",
    "longitude": "122.26914600",
    "native": "Romblon",
    "timezone": "Asia/Manila",
    "translations": {}
  },
  {
    "id": 1277,
    "name": "Sarangani",
    "country_id": 174,
    "country_code": "PH",
    "fips_code": null,
    "iso2": "SAR",
    "type": "province",
    "latitude": "5.87472200",
    "longitude": "125.27527800",
    "native": "Sarangani",
    "timezone": "Asia/Manila",
    "translations": {}
  },
  {
    "id": 1276,
    "name": "Siquijor",
    "country_id": 174,
    "country_code": "PH",
    "fips_code": null,
    "iso2": "SIG",
    "type": "province",
    "latitude": "9.18000000",
    "longitude": "123.58000000",
    "native": "Siquijor",
    "timezone": "Asia/Manila",
    "translations": {}
  },
  {
    "id": 1310,
    "name": "Soccsksargen",
    "country_id": 174,
    "country_code": "PH",
    "fips_code": null,
    "iso2": "12",
    "type": "region",
    "latitude": "6.56472770",
    "longitude": "124.48402550",
    "native": "Soccsksargen",
    "timezone": "Asia/Manila",
    "translations": {}
  },
  {
    "id": 1281,
    "name": "Sorsogon",
    "country_id": 174,
    "country_code": "PH",
    "fips_code": null,
    "iso2": "SOR",
    "type": "province",
    "latitude": "12.97078480",
    "longitude": "124.00525430",
    "native": "Sorsogon",
    "timezone": "Asia/Manila",
    "translations": {}
  },
  {
    "id": 1280,
    "name": "South Cotabato",
    "country_id": 174,
    "country_code": "PH",
    "fips_code": null,
    "iso2": "SCO",
    "type": "province",
    "latitude": "6.28552390",
    "longitude": "124.93330960",
    "native": "South Cotabato",
    "timezone": "Asia/Manila",
    "translations": {}
  },
  {
    "id": 1284,
    "name": "Southern Leyte",
    "country_id": 174,
    "country_code": "PH",
    "fips_code": null,
    "iso2": "SLE",
    "type": "province",
    "latitude": "10.34750990",
    "longitude": "125.12508960",
    "native": "Southern Leyte",
    "timezone": "Asia/Manila",
    "translations": {}
  },
  {
    "id": 1282,
    "name": "Sultan Kudarat",
    "country_id": 174,
    "country_code": "PH",
    "fips_code": null,
    "iso2": "SUK",
    "type": "province",
    "latitude": "6.55567050",
    "longitude": "124.32714960",
    "native": "Sultan Kudarat",
    "timezone": "Asia/Manila",
    "translations": {}
  },
  {
    "id": 1288,
    "name": "Sulu",
    "country_id": 174,
    "country_code": "PH",
    "fips_code": null,
    "iso2": "SLU",
    "type": "province",
    "latitude": "5.99428080",
    "longitude": "121.07879260",
    "native": "Sulu",
    "timezone": "Asia/Manila",
    "translations": {}
  },
  {
    "id": 1286,
    "name": "Surigao del Norte",
    "country_id": 174,
    "country_code": "PH",
    "fips_code": null,
    "iso2": "SUN",
    "type": "province",
    "latitude": "9.70228680",
    "longitude": "125.54648310",
    "native": "Surigao del Norte",
    "timezone": "Asia/Manila",
    "translations": {}
  },
  {
    "id": 1296,
    "name": "Surigao del Sur",
    "country_id": 174,
    "country_code": "PH",
    "fips_code": null,
    "iso2": "SUR",
    "type": "province",
    "latitude": "8.84000000",
    "longitude": "126.15000000",
    "native": "Surigao del Sur",
    "timezone": "Asia/Manila",
    "translations": {}
  },
  {
    "id": 1295,
    "name": "Tarlac",
    "country_id": 174,
    "country_code": "PH",
    "fips_code": null,
    "iso2": "TAR",
    "type": "province",
    "latitude": "15.48612180",
    "longitude": "120.58934730",
    "native": "Tarlac",
    "timezone": "Asia/Manila",
    "translations": {}
  },
  {
    "id": 1293,
    "name": "Tawi-Tawi",
    "country_id": 174,
    "country_code": "PH",
    "fips_code": null,
    "iso2": "TAW",
    "type": "province",
    "latitude": "5.20570000",
    "longitude": "120.02650000",
    "native": "Tawi-tawi",
    "timezone": "Asia/Manila",
    "translations": {}
  },
  {
    "id": 5115,
    "name": "Western Samar",
    "country_id": 174,
    "country_code": "PH",
    "fips_code": null,
    "iso2": "WSA",
    "type": "province",
    "latitude": "11.83333300",
    "longitude": "125.00000000",
    "native": "Western Samar",
    "timezone": "Asia/Manila",
    "translations": {}
  },
  {
    "id": 1305,
    "name": "Western Visayas",
    "country_id": 174,
    "country_code": "PH",
    "fips_code": null,
    "iso2": "06",
    "type": "region",
    "latitude": "11.23673240",
    "longitude": "122.68781870",
    "native": "Western Visayas",
    "timezone": "Asia/Manila",
    "translations": {}
  },
  {
    "id": 1297,
    "name": "Zambales",
    "country_id": 174,
    "country_code": "PH",
    "fips_code": null,
    "iso2": "ZMB",
    "type": "province",
    "latitude": "15.23000000",
    "longitude": "120.12000000",
    "native": "Zambales",
    "timezone": "Asia/Manila",
    "translations": {}
  },
  {
    "id": 1302,
    "name": "Zamboanga del Norte",
    "country_id": 174,
    "country_code": "PH",
    "fips_code": null,
    "iso2": "ZAN",
    "type": "province",
    "latitude": "8.00000000",
    "longitude": "122.66666700",
    "native": "North Zamboanga",
    "timezone": "Asia/Manila",
    "translations": {}
  },
  {
    "id": 1357,
    "name": "Zamboanga del Sur",
    "country_id": 174,
    "country_code": "PH",
    "fips_code": null,
    "iso2": "ZAS",
    "type": "province",
    "latitude": "7.90430000",
    "longitude": "123.31940000",
    "native": "South Zamboanga",
    "timezone": "Asia/Manila",
    "translations": {}
  },
  {
    "id": 1325,
    "name": "Zamboanga Peninsula",
    "country_id": 174,
    "country_code": "PH",
    "fips_code": null,
    "iso2": "09",
    "type": "region",
    "latitude": "7.77872340",
    "longitude": "122.75708280",
    "native": "Zamboanga Peninsula",
    "timezone": "Asia/Manila",
    "translations": {}
  },
  {
    "id": 1362,
    "name": "Zamboanga Sibugay",
    "country_id": 174,
    "country_code": "PH",
    "fips_code": null,
    "iso2": "ZSI",
    "type": "province",
    "latitude": "7.78770970",
    "longitude": "122.57442170",
    "native": "Zamboanga Sibugay",
    "timezone": "Asia/Manila",
    "translations": {}
  }
]