[
  {
    "id": 4183,
    "name": "Ajdovščina",
    "country_id": 201,
    "country_code": "SI",
    "fips_code": null,
    "iso2": "001",
    "type": "municipality",
    "latitude": "45.88707760",
    "longitude": "13.90428180",
    "native": "Ajdovščina",
    "timezone": "Europe/Ljubljana",
    "translations": {}
  },
  {
    "id": 4326,
    "name": "Ankaran",
    "country_id": 201,
    "country_code": "SI",
    "fips_code": null,
    "iso2": "213",
    "type": "municipality",
    "latitude": "45.57845100",
    "longitude": "13.73691740",
    "native": "Ankaran",
    "timezone": "Europe/Ljubljana",
    "translations": {}
  },
  {
    "id": 4318,
    "name": "Apače",
    "country_id": 201,
    "country_code": "SI",
    "fips_code": null,
    "iso2": "195",
    "type": "municipality",
    "latitude": "46.69746790",
    "longitude": "15.91025340",
    "native": "Apače",
    "timezone": "Europe/Ljubljana",
    "translations": {}
  },
  {
    "id": 4301,
    "name": "Beltinci",
    "country_id": 201,
    "country_code": "SI",
    "fips_code": null,
    "iso2": "002",
    "type": "municipality",
    "latitude": "46.60791530",
    "longitude": "16.23651270",
    "native": "Beltinci",
    "timezone": "Europe/Ljubljana",
    "translations": {}
  },
  {
    "id": 4166,
    "name": "Benedikt",
    "country_id": 201,
    "country_code": "SI",
    "fips_code": null,
    "iso2": "148",
    "type": "municipality",
    "latitude": "46.61558410",
    "longitude": "15.89572810",
    "native": "Benedikt",
    "timezone": "Europe/Ljubljana",
    "translations": {}
  },
  {
    "id": 4179,
    "name": "Bistrica ob Sotli",
    "country_id": 201,
    "country_code": "SI",
    "fips_code": null,
    "iso2": "149",
    "type": "municipality",
    "latitude": "46.05655790",
    "longitude": "15.66259470",
    "native": "Bistrica ob Sotli",
    "timezone": "Europe/Ljubljana",
    "translations": {}
  },
  {
    "id": 4202,
    "name": "Bled",
    "country_id": 201,
    "country_code": "SI",
    "fips_code": null,
    "iso2": "003",
    "type": "municipality",
    "latitude": "46.36832660",
    "longitude": "14.11457980",
    "native": "Meledo",
    "timezone": "Europe/Ljubljana",
    "translations": {}
  },
  {
    "id": 4278,
    "name": "Bloke",
    "country_id": 201,
    "country_code": "SI",
    "fips_code": null,
    "iso2": "150",
    "type": "municipality",
    "latitude": "45.77281410",
    "longitude": "14.50634590",
    "native": "Bloke",
    "timezone": "Europe/Ljubljana",
    "translations": {}
  },
  {
    "id": 4282,
    "name": "Bohinj",
    "country_id": 201,
    "country_code": "SI",
    "fips_code": null,
    "iso2": "004",
    "type": "municipality",
    "latitude": "46.30203360",
    "longitude": "13.90901550",
    "native": "Bohinj",
    "timezone": "Europe/Ljubljana",
    "translations": {}
  },
  {
    "id": 4200,
    "name": "Borovnica",
    "country_id": 201,
    "country_code": "SI",
    "fips_code": null,
    "iso2": "005",
    "type": "municipality",
    "latitude": "45.90445250",
    "longitude": "14.38241890",
    "native": "Borovnica",
    "timezone": "Europe/Ljubljana",
    "translations": {}
  },
  {
    "id": 4181,
    "name": "Bovec",
    "country_id": 201,
    "country_code": "SI",
    "fips_code": null,
    "iso2": "006",
    "type": "municipality",
    "latitude": "46.33804950",
    "longitude": "13.55241740",
    "native": "Bovec",
    "timezone": "Europe/Ljubljana",
    "translations": {}
  },
  {
    "id": 4141,
    "name": "Braslovče",
    "country_id": 201,
    "country_code": "SI",
    "fips_code": null,
    "iso2": "151",
    "type": "municipality",
    "latitude": "46.28361920",
    "longitude": "15.04183200",
    "native": "Braslovče",
    "timezone": "Europe/Ljubljana",
    "translations": {}
  },
  {
    "id": 4240,
    "name": "Brda",
    "country_id": 201,
    "country_code": "SI",
    "fips_code": null,
    "iso2": "007",
    "type": "municipality",
    "latitude": "46.01620190",
    "longitude": "13.54891020",
    "native": "Hribi",
    "timezone": "Europe/Ljubljana",
    "translations": {}
  },
  {
    "id": 4215,
    "name": "Brežice",
    "country_id": 201,
    "country_code": "SI",
    "fips_code": null,
    "iso2": "009",
    "type": "municipality",
    "latitude": "45.90410960",
    "longitude": "15.59436390",
    "native": "Brežice",
    "timezone": "Europe/Ljubljana",
    "translations": {}
  },
  {
    "id": 4165,
    "name": "Brezovica",
    "country_id": 201,
    "country_code": "SI",
    "fips_code": null,
    "iso2": "008",
    "type": "municipality",
    "latitude": "45.94803240",
    "longitude": "14.41803360",
    "native": "Brezovica",
    "timezone": "Europe/Ljubljana",
    "translations": {}
  },
  {
    "id": 4147,
    "name": "Cankova",
    "country_id": 201,
    "country_code": "SI",
    "fips_code": null,
    "iso2": "152",
    "type": "municipality",
    "latitude": "46.71823700",
    "longitude": "16.01972220",
    "native": "Cankova",
    "timezone": "Europe/Ljubljana",
    "translations": {}
  },
  {
    "id": 4191,
    "name": "Celje",
    "country_id": 201,
    "country_code": "SI",
    "fips_code": null,
    "iso2": "011",
    "type": "urban municipality",
    "latitude": "46.22938890",
    "longitude": "15.26168280",
    "native": "Celje",
    "timezone": "Europe/Ljubljana",
    "translations": {}
  },
  {
    "id": 4310,
    "name": "Cerklje na Gorenjskem",
    "country_id": 201,
    "country_code": "SI",
    "fips_code": null,
    "iso2": "012",
    "type": "municipality",
    "latitude": "46.25170540",
    "longitude": "14.48579790",
    "native": "Cerklje na Gorenjskem",
    "timezone": "Europe/Ljubljana",
    "translations": {}
  },
  {
    "id": 4162,
    "name": "Cerknica",
    "country_id": 201,
    "country_code": "SI",
    "fips_code": null,
    "iso2": "013",
    "type": "municipality",
    "latitude": "45.79365780",
    "longitude": "14.36188300",
    "native": "Cerknica",
    "timezone": "Europe/Ljubljana",
    "translations": {}
  },
  {
    "id": 4178,
    "name": "Cerkno",
    "country_id": 201,
    "country_code": "SI",
    "fips_code": null,
    "iso2": "014",
    "type": "municipality",
    "latitude": "46.12884140",
    "longitude": "13.98940270",
    "native": "Cerkno",
    "timezone": "Europe/Ljubljana",
    "translations": {}
  },
  {
    "id": 4176,
    "name": "Cerkvenjak",
    "country_id": 201,
    "country_code": "SI",
    "fips_code": null,
    "iso2": "153",
    "type": "municipality",
    "latitude": "46.56707110",
    "longitude": "15.94297530",
    "native": "Cerkvenjak",
    "timezone": "Europe/Ljubljana",
    "translations": {}
  },
  {
    "id": 4309,
    "name": "Cirkulane",
    "country_id": 201,
    "country_code": "SI",
    "fips_code": null,
    "iso2": "196",
    "type": "municipality",
    "latitude": "46.34380750",
    "longitude": "15.99447240",
    "native": "Cirkulane",
    "timezone": "Europe/Ljubljana",
    "translations": {}
  },
  {
    "id": 4151,
    "name": "Črenšovci",
    "country_id": 201,
    "country_code": "SI",
    "fips_code": null,
    "iso2": "015",
    "type": "municipality",
    "latitude": "46.57200290",
    "longitude": "16.28773460",
    "native": "Črenšovci",
    "timezone": "Europe/Ljubljana",
    "translations": {}
  },
  {
    "id": 4232,
    "name": "Črna na Koroškem",
    "country_id": 201,
    "country_code": "SI",
    "fips_code": null,
    "iso2": "016",
    "type": "municipality",
    "latitude": "46.47045290",
    "longitude": "14.84999980",
    "native": "Črna na Koroškem",
    "timezone": "Europe/Ljubljana",
    "translations": {}
  },
  {
    "id": 4291,
    "name": "Črnomelj",
    "country_id": 201,
    "country_code": "SI",
    "fips_code": null,
    "iso2": "017",
    "type": "municipality",
    "latitude": "45.57009650",
    "longitude": "15.19233240",
    "native": "Črnomelj",
    "timezone": "Europe/Ljubljana",
    "translations": {}
  },
  {
    "id": 4304,
    "name": "Destrnik",
    "country_id": 201,
    "country_code": "SI",
    "fips_code": null,
    "iso2": "018",
    "type": "municipality",
    "latitude": "46.49223680",
    "longitude": "15.87779560",
    "native": "Destrnik",
    "timezone": "Europe/Ljubljana",
    "translations": {}
  },
  {
    "id": 4167,
    "name": "Divača",
    "country_id": 201,
    "country_code": "SI",
    "fips_code": null,
    "iso2": "019",
    "type": "municipality",
    "latitude": "45.68060690",
    "longitude": "13.97203120",
    "native": "Reduktor",
    "timezone": "Europe/Ljubljana",
    "translations": {}
  },
  {
    "id": 4295,
    "name": "Dobje",
    "country_id": 201,
    "country_code": "SI",
    "fips_code": null,
    "iso2": "154",
    "type": "municipality",
    "latitude": "46.13700370",
    "longitude": "15.39412900",
    "native": "Dobje",
    "timezone": "Europe/Ljubljana",
    "translations": {}
  },
  {
    "id": 4216,
    "name": "Dobrepolje",
    "country_id": 201,
    "country_code": "SI",
    "fips_code": null,
    "iso2": "020",
    "type": "municipality",
    "latitude": "45.80975280",
    "longitude": "14.74256570",
    "native": "Dobrepolje",
    "timezone": "Europe/Ljubljana",
    "translations": {}
  },
  {
    "id": 4252,
    "name": "Dobrna",
    "country_id": 201,
    "country_code": "SI",
    "fips_code": null,
    "iso2": "155",
    "type": "municipality",
    "latitude": "46.33561410",
    "longitude": "15.22597320",
    "native": "Dobrna",
    "timezone": "Europe/Ljubljana",
    "translations": {}
  },
  {
    "id": 4308,
    "name": "Dobrova–Polhov Gradec",
    "country_id": 201,
    "country_code": "SI",
    "fips_code": null,
    "iso2": "021",
    "type": "municipality",
    "latitude": "46.06488960",
    "longitude": "14.31681950",
    "native": "Dobrova–Polhov Gradec",
    "timezone": "Europe/Ljubljana",
    "translations": {}
  },
  {
    "id": 4189,
    "name": "Dobrovnik",
    "country_id": 201,
    "country_code": "SI",
    "fips_code": null,
    "iso2": "156",
    "type": "municipality",
    "latitude": "46.65386620",
    "longitude": "16.35065940",
    "native": "Dobrovnik",
    "timezone": "Europe/Ljubljana",
    "translations": {}
  },
  {
    "id": 4173,
    "name": "Dol pri Ljubljani",
    "country_id": 201,
    "country_code": "SI",
    "fips_code": null,
    "iso2": "022",
    "type": "municipality",
    "latitude": "46.08843860",
    "longitude": "14.64247920",
    "native": "Dol pri Ljubljani",
    "timezone": "Europe/Ljubljana",
    "translations": {}
  },
  {
    "id": 4281,
    "name": "Dolenjske Toplice",
    "country_id": 201,
    "country_code": "SI",
    "fips_code": null,
    "iso2": "157",
    "type": "municipality",
    "latitude": "45.75726920",
    "longitude": "15.05837910",
    "native": "Dolenjske Toplice",
    "timezone": "Europe/Ljubljana",
    "translations": {}
  },
  {
    "id": 4159,
    "name": "Domžale",
    "country_id": 201,
    "country_code": "SI",
    "fips_code": null,
    "iso2": "023",
    "type": "municipality",
    "latitude": "46.13942960",
    "longitude": "14.59445530",
    "native": "Domžale",
    "timezone": "Europe/Ljubljana",
    "translations": {}
  },
  {
    "id": 4290,
    "name": "Dornava",
    "country_id": 201,
    "country_code": "SI",
    "fips_code": null,
    "iso2": "024",
    "type": "municipality",
    "latitude": "46.43519130",
    "longitude": "15.95520140",
    "native": "Dornava",
    "timezone": "Europe/Ljubljana",
    "translations": {}
  },
  {
    "id": 4345,
    "name": "Dravograd",
    "country_id": 201,
    "country_code": "SI",
    "fips_code": null,
    "iso2": "025",
    "type": "municipality",
    "latitude": "46.58921900",
    "longitude": "15.02460210",
    "native": "Dravograd",
    "timezone": "Europe/Ljubljana",
    "translations": {}
  },
  {
    "id": 4213,
    "name": "Duplek",
    "country_id": 201,
    "country_code": "SI",
    "fips_code": null,
    "iso2": "026",
    "type": "municipality",
    "latitude": "46.50913950",
    "longitude": "15.76265700",
    "native": "Duplek",
    "timezone": "Europe/Ljubljana",
    "translations": {}
  },
  {
    "id": 4293,
    "name": "Gorenja Vas–Poljane",
    "country_id": 201,
    "country_code": "SI",
    "fips_code": null,
    "iso2": "027",
    "type": "municipality",
    "latitude": "46.11165820",
    "longitude": "14.11493480",
    "native": "Zažgal te -fell",
    "timezone": "Europe/Ljubljana",
    "translations": {}
  },
  {
    "id": 4210,
    "name": "Gorišnica",
    "country_id": 201,
    "country_code": "SI",
    "fips_code": null,
    "iso2": "028",
    "type": "municipality",
    "latitude": "46.41202710",
    "longitude": "16.01330890",
    "native": "Gorišnica",
    "timezone": "Europe/Ljubljana",
    "translations": {}
  },
  {
    "id": 4284,
    "name": "Gorje",
    "country_id": 201,
    "country_code": "SI",
    "fips_code": null,
    "iso2": "207",
    "type": "municipality",
    "latitude": "46.39448470",
    "longitude": "13.99128810",
    "native": "Gorje",
    "timezone": "Europe/Ljubljana",
    "translations": {}
  },
  {
    "id": 4343,
    "name": "Gornja Radgona",
    "country_id": 201,
    "country_code": "SI",
    "fips_code": null,
    "iso2": "029",
    "type": "municipality",
    "latitude": "46.67670990",
    "longitude": "15.99108470",
    "native": "Gornja Radgona",
    "timezone": "Europe/Ljubljana",
    "translations": {}
  },
  {
    "id": 4339,
    "name": "Gornji Grad",
    "country_id": 201,
    "country_code": "SI",
    "fips_code": null,
    "iso2": "030",
    "type": "municipality",
    "latitude": "46.29617120",
    "longitude": "14.80623470",
    "native": "Gornji Grad",
    "timezone": "Europe/Ljubljana",
    "translations": {}
  },
  {
    "id": 4271,
    "name": "Gornji Petrovci",
    "country_id": 201,
    "country_code": "SI",
    "fips_code": null,
    "iso2": "031",
    "type": "municipality",
    "latitude": "46.80371280",
    "longitude": "16.21913790",
    "native": "Gornji Petrovci",
    "timezone": "Europe/Ljubljana",
    "translations": {}
  },
  {
    "id": 4217,
    "name": "Grad",
    "country_id": 201,
    "country_code": "SI",
    "fips_code": null,
    "iso2": "158",
    "type": "municipality",
    "latitude": "46.80189400",
    "longitude": "16.09192160",
    "native": "Grad",
    "timezone": "Europe/Ljubljana",
    "translations": {}
  },
  {
    "id": 4336,
    "name": "Grosuplje",
    "country_id": 201,
    "country_code": "SI",
    "fips_code": null,
    "iso2": "032",
    "type": "municipality",
    "latitude": "45.95576450",
    "longitude": "14.65889900",
    "native": "Grosuplje",
    "timezone": "Europe/Ljubljana",
    "translations": {}
  },
  {
    "id": 4145,
    "name": "Hajdina",
    "country_id": 201,
    "country_code": "SI",
    "fips_code": null,
    "iso2": "159",
    "type": "municipality",
    "latitude": "46.41850140",
    "longitude": "15.82447220",
    "native": "Hajdina",
    "timezone": "Europe/Ljubljana",
    "translations": {}
  },
  {
    "id": 4175,
    "name": "Hoče–Slivnica",
    "country_id": 201,
    "country_code": "SI",
    "fips_code": null,
    "iso2": "160",
    "type": "municipality",
    "latitude": "46.48987750",
    "longitude": "15.61062050",
    "native": "Hoče–Slivnica",
    "timezone": "Europe/Ljubljana",
    "translations": {}
  },
  {
    "id": 4327,
    "name": "Hodoš",
    "country_id": 201,
    "country_code": "SI",
    "fips_code": null,
    "iso2": "161",
    "type": "municipality",
    "latitude": "46.83141340",
    "longitude": "16.32106800",
    "native": "Hodoš",
    "timezone": "Europe/Ljubljana",
    "translations": {}
  },
  {
    "id": 4193,
    "name": "Horjul",
    "country_id": 201,
    "country_code": "SI",
    "fips_code": null,
    "iso2": "162",
    "type": "municipality",
    "latitude": "46.02253780",
    "longitude": "14.29862690",
    "native": "Horjul",
    "timezone": "Europe/Ljubljana",
    "translations": {}
  },
  {
    "id": 4341,
    "name": "Hrastnik",
    "country_id": 201,
    "country_code": "SI",
    "fips_code": null,
    "iso2": "034",
    "type": "municipality",
    "latitude": "46.14172880",
    "longitude": "15.08448940",
    "native": "Hrastnik",
    "timezone": "Europe/Ljubljana",
    "translations": {}
  },
  {
    "id": 4321,
    "name": "Hrpelje–Kozina",
    "country_id": 201,
    "country_code": "SI",
    "fips_code": null,
    "iso2": "035",
    "type": "municipality",
    "latitude": "45.56233180",
    "longitude": "14.01256630",
    "native": "Hrpelje–Kozina",
    "timezone": "Europe/Ljubljana",
    "translations": {}
  },
  {
    "id": 4152,
    "name": "Idrija",
    "country_id": 201,
    "country_code": "SI",
    "fips_code": null,
    "iso2": "036",
    "type": "municipality",
    "latitude": "46.00239830",
    "longitude": "14.02730140",
    "native": "Idrija",
    "timezone": "Europe/Ljubljana",
    "translations": {}
  },
  {
    "id": 4286,
    "name": "Ig",
    "country_id": 201,
    "country_code": "SI",
    "fips_code": null,
    "iso2": "037",
    "type": "municipality",
    "latitude": "45.95888680",
    "longitude": "14.52705280",
    "native": "Ig",
    "timezone": "Europe/Ljubljana",
    "translations": {}
  },
  {
    "id": 4344,
    "name": "Ilirska Bistrica",
    "country_id": 201,
    "country_code": "SI",
    "fips_code": null,
    "iso2": "038",
    "type": "municipality",
    "latitude": "45.56366180",
    "longitude": "14.24533180",
    "native": "Ilirska Bistrica",
    "timezone": "Europe/Ljubljana",
    "translations": {}
  },
  {
    "id": 4305,
    "name": "Ivančna Gorica",
    "country_id": 201,
    "country_code": "SI",
    "fips_code": null,
    "iso2": "039",
    "type": "municipality",
    "latitude": "45.93958410",
    "longitude": "14.80476260",
    "native": "Ivančna Gorica",
    "timezone": "Europe/Ljubljana",
    "translations": {}
  },
  {
    "id": 4322,
    "name": "Izola",
    "country_id": 201,
    "country_code": "SI",
    "fips_code": null,
    "iso2": "040",
    "type": "municipality",
    "latitude": "45.53989360",
    "longitude": "13.65939000",
    "native": "Izola",
    "timezone": "Europe/Ljubljana",
    "translations": {}
  },
  {
    "id": 4337,
    "name": "Jesenice",
    "country_id": 201,
    "country_code": "SI",
    "fips_code": null,
    "iso2": "041",
    "type": "municipality",
    "latitude": "46.43670470",
    "longitude": "14.05260570",
    "native": "Jesenice",
    "timezone": "Europe/Ljubljana",
    "translations": {}
  },
  {
    "id": 4203,
    "name": "Jezersko",
    "country_id": 201,
    "country_code": "SI",
    "fips_code": null,
    "iso2": "163",
    "type": "municipality",
    "latitude": "46.39427940",
    "longitude": "14.49855590",
    "native": "Jezersko",
    "timezone": "Europe/Ljubljana",
    "translations": {}
  },
  {
    "id": 4266,
    "name": "Juršinci",
    "country_id": 201,
    "country_code": "SI",
    "fips_code": null,
    "iso2": "042",
    "type": "municipality",
    "latitude": "46.48593020",
    "longitude": "15.96819260",
    "native": "Juršinci",
    "timezone": "Europe/Ljubljana",
    "translations": {}
  },
  {
    "id": 4180,
    "name": "Kamnik",
    "country_id": 201,
    "country_code": "SI",
    "fips_code": null,
    "iso2": "043",
    "type": "municipality",
    "latitude": "46.22216660",
    "longitude": "14.60707270",
    "native": "Kamnik",
    "timezone": "Europe/Ljubljana",
    "translations": {}
  },
  {
    "id": 4227,
    "name": "Kanal ob Soči",
    "country_id": 201,
    "country_code": "SI",
    "fips_code": null,
    "iso2": "044",
    "type": "municipality",
    "latitude": "46.08586870",
    "longitude": "13.63392980",
    "native": "Kanal ob Soči",
    "timezone": "Europe/Ljubljana",
    "translations": {}
  },
  {
    "id": 4150,
    "name": "Kidričevo",
    "country_id": 201,
    "country_code": "SI",
    "fips_code": null,
    "iso2": "045",
    "type": "municipality",
    "latitude": "46.40439480",
    "longitude": "15.79653290",
    "native": "Kidričevo",
    "timezone": "Europe/Ljubljana",
    "translations": {}
  },
  {
    "id": 4243,
    "name": "Kobarid",
    "country_id": 201,
    "country_code": "SI",
    "fips_code": null,
    "iso2": "046",
    "type": "municipality",
    "latitude": "46.24569710",
    "longitude": "13.57869490",
    "native": "Kobarid",
    "timezone": "Europe/Ljubljana",
    "translations": {}
  },
  {
    "id": 4325,
    "name": "Kobilje",
    "country_id": 201,
    "country_code": "SI",
    "fips_code": null,
    "iso2": "047",
    "type": "municipality",
    "latitude": "46.68518000",
    "longitude": "16.39367190",
    "native": "Kobilje",
    "timezone": "Europe/Ljubljana",
    "translations": {}
  },
  {
    "id": 4335,
    "name": "Kočevje",
    "country_id": 201,
    "country_code": "SI",
    "fips_code": null,
    "iso2": "048",
    "type": "municipality",
    "latitude": "45.64280000",
    "longitude": "14.86158380",
    "native": "Kočevje",
    "timezone": "Europe/Ljubljana",
    "translations": {}
  },
  {
    "id": 4315,
    "name": "Komen",
    "country_id": 201,
    "country_code": "SI",
    "fips_code": null,
    "iso2": "049",
    "type": "municipality",
    "latitude": "45.81752350",
    "longitude": "13.74827110",
    "native": "Pridi",
    "timezone": "Europe/Ljubljana",
    "translations": {}
  },
  {
    "id": 4283,
    "name": "Komenda",
    "country_id": 201,
    "country_code": "SI",
    "fips_code": null,
    "iso2": "164",
    "type": "municipality",
    "latitude": "46.20648800",
    "longitude": "14.53824990",
    "native": "Ukaz",
    "timezone": "Europe/Ljubljana",
    "translations": {}
  },
  {
    "id": 4319,
    "name": "Koper",
    "country_id": 201,
    "country_code": "SI",
    "fips_code": null,
    "iso2": "050",
    "type": "urban municipality",
    "latitude": "45.54805900",
    "longitude": "13.73018770",
    "native": "Baker",
    "timezone": "Europe/Ljubljana",
    "translations": {}
  },
  {
    "id": 4254,
    "name": "Kostanjevica na Krki",
    "country_id": 201,
    "country_code": "SI",
    "fips_code": null,
    "iso2": "197",
    "type": "municipality",
    "latitude": "45.84566740",
    "longitude": "15.42022870",
    "native": "Kostanjevica na Krki",
    "timezone": "Europe/Ljubljana",
    "translations": {}
  },
  {
    "id": 4331,
    "name": "Kostel",
    "country_id": 201,
    "country_code": "SI",
    "fips_code": null,
    "iso2": "165",
    "type": "municipality",
    "latitude": "45.50813620",
    "longitude": "14.91048710",
    "native": "Cerkev",
    "timezone": "Europe/Ljubljana",
    "translations": {}
  },
  {
    "id": 4186,
    "name": "Kozje",
    "country_id": 201,
    "country_code": "SI",
    "fips_code": null,
    "iso2": "051",
    "type": "municipality",
    "latitude": "46.07332110",
    "longitude": "15.55967190",
    "native": "Kozje",
    "timezone": "Europe/Ljubljana",
    "translations": {}
  },
  {
    "id": 4287,
    "name": "Kranj",
    "country_id": 201,
    "country_code": "SI",
    "fips_code": null,
    "iso2": "052",
    "type": "urban municipality",
    "latitude": "46.24329130",
    "longitude": "14.35493530",
    "native": "Kranj",
    "timezone": "Europe/Ljubljana",
    "translations": {}
  },
  {
    "id": 4340,
    "name": "Kranjska Gora",
    "country_id": 201,
    "country_code": "SI",
    "fips_code": null,
    "iso2": "053",
    "type": "municipality",
    "latitude": "46.48452930",
    "longitude": "13.78571450",
    "native": "Kranjska Gora",
    "timezone": "Europe/Ljubljana",
    "translations": {}
  },
  {
    "id": 4238,
    "name": "Križevci",
    "country_id": 201,
    "country_code": "SI",
    "fips_code": null,
    "iso2": "166",
    "type": "municipality",
    "latitude": "46.57018210",
    "longitude": "16.10926530",
    "native": "Križevci",
    "timezone": "Europe/Ljubljana",
    "translations": {}
  },
  {
    "id": 4314,
    "name": "Krško",
    "country_id": 201,
    "country_code": "SI",
    "fips_code": null,
    "iso2": "054",
    "type": "urban municipality",
    "latitude": "45.95896090",
    "longitude": "15.49235550",
    "native": "Krško",
    "timezone": "Europe/Ljubljana",
    "translations": {}
  },
  {
    "id": 4197,
    "name": "Kungota",
    "country_id": 201,
    "country_code": "SI",
    "fips_code": null,
    "iso2": "055",
    "type": "municipality",
    "latitude": "46.64187930",
    "longitude": "15.60362880",
    "native": "Kungota",
    "timezone": "Europe/Ljubljana",
    "translations": {}
  },
  {
    "id": 4211,
    "name": "Kuzma",
    "country_id": 201,
    "country_code": "SI",
    "fips_code": null,
    "iso2": "056",
    "type": "municipality",
    "latitude": "46.83510380",
    "longitude": "16.08071000",
    "native": "Kuzma",
    "timezone": "Europe/Ljubljana",
    "translations": {}
  },
  {
    "id": 4338,
    "name": "Laško",
    "country_id": 201,
    "country_code": "SI",
    "fips_code": null,
    "iso2": "057",
    "type": "municipality",
    "latitude": "46.15422360",
    "longitude": "15.23614910",
    "native": "Laško",
    "timezone": "Europe/Ljubljana",
    "translations": {}
  },
  {
    "id": 4142,
    "name": "Lenart",
    "country_id": 201,
    "country_code": "SI",
    "fips_code": null,
    "iso2": "058",
    "type": "municipality",
    "latitude": "46.58344240",
    "longitude": "15.82621250",
    "native": "Lenart",
    "timezone": "Europe/Ljubljana",
    "translations": {}
  },
  {
    "id": 4225,
    "name": "Lendava",
    "country_id": 201,
    "country_code": "SI",
    "fips_code": null,
    "iso2": "059",
    "type": "municipality",
    "latitude": "46.56396390",
    "longitude": "16.45264680",
    "native": "Lendava",
    "timezone": "Europe/Ljubljana",
    "translations": {}
  },
  {
    "id": 4347,
    "name": "Litija",
    "country_id": 201,
    "country_code": "SI",
    "fips_code": null,
    "iso2": "060",
    "type": "municipality",
    "latitude": "46.05732260",
    "longitude": "14.83096360",
    "native": "Litij",
    "timezone": "Europe/Ljubljana",
    "translations": {}
  },
  {
    "id": 4270,
    "name": "Ljubljana",
    "country_id": 201,
    "country_code": "SI",
    "fips_code": null,
    "iso2": "061",
    "type": "urban municipality",
    "latitude": "46.05694650",
    "longitude": "14.50575150",
    "native": "LJUBLANA",
    "timezone": "Europe/Ljubljana",
    "translations": {}
  },
  {
    "id": 4294,
    "name": "Ljubno",
    "country_id": 201,
    "country_code": "SI",
    "fips_code": null,
    "iso2": "062",
    "type": "municipality",
    "latitude": "46.36644100",
    "longitude": "14.83976510",
    "native": "Ljubno",
    "timezone": "Europe/Ljubljana",
    "translations": {}
  },
  {
    "id": 4351,
    "name": "Ljutomer",
    "country_id": 201,
    "country_code": "SI",
    "fips_code": null,
    "iso2": "063",
    "type": "municipality",
    "latitude": "46.51908480",
    "longitude": "16.18932160",
    "native": "Ljutomer",
    "timezone": "Europe/Ljubljana",
    "translations": {}
  },
  {
    "id": 4306,
    "name": "Log–Dragomer",
    "country_id": 201,
    "country_code": "SI",
    "fips_code": null,
    "iso2": "208",
    "type": "municipality",
    "latitude": "46.01787470",
    "longitude": "14.36877670",
    "native": "Log–Dragomer",
    "timezone": "Europe/Ljubljana",
    "translations": {}
  },
  {
    "id": 4350,
    "name": "Logatec",
    "country_id": 201,
    "country_code": "SI",
    "fips_code": null,
    "iso2": "064",
    "type": "municipality",
    "latitude": "45.91761100",
    "longitude": "14.23514510",
    "native": "Logatec",
    "timezone": "Europe/Ljubljana",
    "translations": {}
  },
  {
    "id": 4174,
    "name": "Loška Dolina",
    "country_id": 201,
    "country_code": "SI",
    "fips_code": null,
    "iso2": "065",
    "type": "municipality",
    "latitude": "45.66451720",
    "longitude": "14.49970810",
    "native": "Loška Dolina",
    "timezone": "Europe/Ljubljana",
    "translations": {}
  },
  {
    "id": 4158,
    "name": "Loški Potok",
    "country_id": 201,
    "country_code": "SI",
    "fips_code": null,
    "iso2": "066",
    "type": "municipality",
    "latitude": "45.66252460",
    "longitude": "14.66996540",
    "native": "Loški Potok",
    "timezone": "Europe/Ljubljana",
    "translations": {}
  },
  {
    "id": 4156,
    "name": "Lovrenc na Pohorju",
    "country_id": 201,
    "country_code": "SI",
    "fips_code": null,
    "iso2": "167",
    "type": "municipality",
    "latitude": "46.54196380",
    "longitude": "15.40004430",
    "native": "Lovrenc na Pohorju",
    "timezone": "Europe/Ljubljana",
    "translations": {}
  },
  {
    "id": 4219,
    "name": "Luče",
    "country_id": 201,
    "country_code": "SI",
    "fips_code": null,
    "iso2": "067",
    "type": "municipality",
    "latitude": "46.35449250",
    "longitude": "14.74715040",
    "native": "Luč",
    "timezone": "Europe/Ljubljana",
    "translations": {}
  },
  {
    "id": 4302,
    "name": "Lukovica",
    "country_id": 201,
    "country_code": "SI",
    "fips_code": null,
    "iso2": "068",
    "type": "municipality",
    "latitude": "46.16962930",
    "longitude": "14.69072590",
    "native": "Lukovica",
    "timezone": "Europe/Ljubljana",
    "translations": {}
  },
  {
    "id": 4157,
    "name": "Majšperk",
    "country_id": 201,
    "country_code": "SI",
    "fips_code": null,
    "iso2": "069",
    "type": "municipality",
    "latitude": "46.35030190",
    "longitude": "15.73405950",
    "native": "Majšperk",
    "timezone": "Europe/Ljubljana",
    "translations": {}
  },
  {
    "id": 4224,
    "name": "Makole",
    "country_id": 201,
    "country_code": "SI",
    "fips_code": null,
    "iso2": "198",
    "type": "municipality",
    "latitude": "46.31686970",
    "longitude": "15.66641260",
    "native": "Makole",
    "timezone": "Europe/Ljubljana",
    "translations": {}
  },
  {
    "id": 4242,
    "name": "Maribor",
    "country_id": 201,
    "country_code": "SI",
    "fips_code": null,
    "iso2": "070",
    "type": "urban municipality",
    "latitude": "46.55764390",
    "longitude": "15.64558540",
    "native": "Maribor",
    "timezone": "Europe/Ljubljana",
    "translations": {}
  },
  {
    "id": 4244,
    "name": "Markovci",
    "country_id": 201,
    "country_code": "SI",
    "fips_code": null,
    "iso2": "168",
    "type": "municipality",
    "latitude": "46.39477080",
    "longitude": "15.92984960",
    "native": "Markovci",
    "timezone": "Europe/Ljubljana",
    "translations": {}
  },
  {
    "id": 4349,
    "name": "Medvode",
    "country_id": 201,
    "country_code": "SI",
    "fips_code": null,
    "iso2": "071",
    "type": "municipality",
    "latitude": "46.14190800",
    "longitude": "14.40325960",
    "native": "Medvode",
    "timezone": "Europe/Ljubljana",
    "translations": {}
  },
  {
    "id": 4348,
    "name": "Mengeš",
    "country_id": 201,
    "country_code": "SI",
    "fips_code": null,
    "iso2": "072",
    "type": "municipality",
    "latitude": "46.16591220",
    "longitude": "14.57196940",
    "native": "Mengeš",
    "timezone": "Europe/Ljubljana",
    "translations": {}
  },
  {
    "id": 4323,
    "name": "Metlika",
    "country_id": 201,
    "country_code": "SI",
    "fips_code": null,
    "iso2": "073",
    "type": "municipality",
    "latitude": "45.64807150",
    "longitude": "15.31778380",
    "native": "Metlika",
    "timezone": "Europe/Ljubljana",
    "translations": {}
  },
  {
    "id": 4265,
    "name": "Mežica",
    "country_id": 201,
    "country_code": "SI",
    "fips_code": null,
    "iso2": "074",
    "type": "municipality",
    "latitude": "46.52150270",
    "longitude": "14.85213400",
    "native": "Mežica",
    "timezone": "Europe/Ljubljana",
    "translations": {}
  },
  {
    "id": 4223,
    "name": "Miklavž na Dravskem Polju",
    "country_id": 201,
    "country_code": "SI",
    "fips_code": null,
    "iso2": "169",
    "type": "municipality",
    "latitude": "46.50826280",
    "longitude": "15.69520650",
    "native": "Miklavž na Dravskem Polju",
    "timezone": "Europe/Ljubljana",
    "translations": {}
  },
  {
    "id": 4220,
    "name": "Miren–Kostanjevica",
    "country_id": 201,
    "country_code": "SI",
    "fips_code": null,
    "iso2": "075",
    "type": "municipality",
    "latitude": "45.85981410",
    "longitude": "13.64985400",
    "native": "Miren–Kostanjevica",
    "timezone": "Europe/Ljubljana",
    "translations": {}
  },
  {
    "id": 4298,
    "name": "Mirna",
    "country_id": 201,
    "country_code": "SI",
    "fips_code": null,
    "iso2": "212",
    "type": "municipality",
    "latitude": "45.95156470",
    "longitude": "15.06209770",
    "native": "MiRNA",
    "timezone": "Europe/Ljubljana",
    "translations": {}
  },
  {
    "id": 4237,
    "name": "Mirna Peč",
    "country_id": 201,
    "country_code": "SI",
    "fips_code": null,
    "iso2": "170",
    "type": "municipality",
    "latitude": "45.86027160",
    "longitude": "15.08189960",
    "native": "Mirna Peč",
    "timezone": "Europe/Ljubljana",
    "translations": {}
  },
  {
    "id": 4212,
    "name": "Mislinja",
    "country_id": 201,
    "country_code": "SI",
    "fips_code": null,
    "iso2": "076",
    "type": "municipality",
    "latitude": "46.44294030",
    "longitude": "15.19876780",
    "native": "Mislinja",
    "timezone": "Europe/Ljubljana",
    "translations": {}
  },
  {
    "id": 4297,
    "name": "Mokronog–Trebelno",
    "country_id": 201,
    "country_code": "SI",
    "fips_code": null,
    "iso2": "199",
    "type": "municipality",
    "latitude": "45.92367480",
    "longitude": "15.16793930",
    "native": "Mokronog–Trebelno",
    "timezone": "Europe/Ljubljana",
    "translations": {}
  },
  {
    "id": 4168,
    "name": "Moravče",
    "country_id": 201,
    "country_code": "SI",
    "fips_code": null,
    "iso2": "077",
    "type": "municipality",
    "latitude": "46.13627810",
    "longitude": "14.74600100",
    "native": "Moravče",
    "timezone": "Europe/Ljubljana",
    "translations": {}
  },
  {
    "id": 4218,
    "name": "Moravske Toplice",
    "country_id": 201,
    "country_code": "SI",
    "fips_code": null,
    "iso2": "078",
    "type": "municipality",
    "latitude": "46.68569320",
    "longitude": "16.22245820",
    "native": "Moravske Toplice",
    "timezone": "Europe/Ljubljana",
    "translations": {}
  },
  {
    "id": 4190,
    "name": "Mozirje",
    "country_id": 201,
    "country_code": "SI",
    "fips_code": null,
    "iso2": "079",
    "type": "municipality",
    "latitude": "46.33943500",
    "longitude": "14.96024130",
    "native": "Mozirje",
    "timezone": "Europe/Ljubljana",
    "translations": {}
  },
  {
    "id": 4313,
    "name": "Murska Sobota",
    "country_id": 201,
    "country_code": "SI",
    "fips_code": null,
    "iso2": "080",
    "type": "urban municipality",
    "latitude": "46.66246440",
    "longitude": "16.16552560",
    "native": "Murska Sobota",
    "timezone": "Europe/Ljubljana",
    "translations": {}
  },
  {
    "id": 4208,
    "name": "Muta",
    "country_id": 201,
    "country_code": "SI",
    "fips_code": null,
    "iso2": "081",
    "type": "municipality",
    "latitude": "46.60973660",
    "longitude": "15.16299950",
    "native": "Muta",
    "timezone": "Europe/Ljubljana",
    "translations": {}
  },
  {
    "id": 4177,
    "name": "Naklo",
    "country_id": 201,
    "country_code": "SI",
    "fips_code": null,
    "iso2": "082",
    "type": "municipality",
    "latitude": "46.27186630",
    "longitude": "14.31569320",
    "native": "Naklo",
    "timezone": "Europe/Ljubljana",
    "translations": {}
  },
  {
    "id": 4329,
    "name": "Nazarje",
    "country_id": 201,
    "country_code": "SI",
    "fips_code": null,
    "iso2": "083",
    "type": "municipality",
    "latitude": "46.32058650",
    "longitude": "14.94871210",
    "native": "Nazarje",
    "timezone": "Europe/Ljubljana",
    "translations": {}
  },
  {
    "id": 4205,
    "name": "Nova Gorica",
    "country_id": 201,
    "country_code": "SI",
    "fips_code": null,
    "iso2": "084",
    "type": "urban municipality",
    "latitude": "45.97627600",
    "longitude": "13.73088810",
    "native": "Nova Gorica",
    "timezone": "Europe/Ljubljana",
    "translations": {}
  },
  {
    "id": 4236,
    "name": "Novo Mesto",
    "country_id": 201,
    "country_code": "SI",
    "fips_code": null,
    "iso2": "085",
    "type": "urban municipality",
    "latitude": "45.80108240",
    "longitude": "15.17100890",
    "native": "Novo Mesto",
    "timezone": "Europe/Ljubljana",
    "translations": {}
  },
  {
    "id": 4320,
    "name": "Odranci",
    "country_id": 201,
    "country_code": "SI",
    "fips_code": null,
    "iso2": "086",
    "type": "municipality",
    "latitude": "46.59010170",
    "longitude": "16.27881650",
    "native": "Odranci",
    "timezone": "Europe/Ljubljana",
    "translations": {}
  },
  {
    "id": 4143,
    "name": "Oplotnica",
    "country_id": 201,
    "country_code": "SI",
    "fips_code": null,
    "iso2": "171",
    "type": "municipality",
    "latitude": "46.38716300",
    "longitude": "15.44581310",
    "native": "Oplotnica",
    "timezone": "Europe/Ljubljana",
    "translations": {}
  },
  {
    "id": 4221,
    "name": "Ormož",
    "country_id": 201,
    "country_code": "SI",
    "fips_code": null,
    "iso2": "087",
    "type": "municipality",
    "latitude": "46.40723830",
    "longitude": "16.14892550",
    "native": "Ormož",
    "timezone": "Europe/Ljubljana",
    "translations": {}
  },
  {
    "id": 4199,
    "name": "Osilnica",
    "country_id": 201,
    "country_code": "SI",
    "fips_code": null,
    "iso2": "088",
    "type": "municipality",
    "latitude": "45.52924180",
    "longitude": "14.69886720",
    "native": "Osilnica",
    "timezone": "Europe/Ljubljana",
    "translations": {}
  },
  {
    "id": 4172,
    "name": "Pesnica",
    "country_id": 201,
    "country_code": "SI",
    "fips_code": null,
    "iso2": "089",
    "type": "municipality",
    "latitude": "46.61820530",
    "longitude": "15.70615100",
    "native": "Pesnica",
    "timezone": "Europe/Ljubljana",
    "translations": {}
  },
  {
    "id": 4201,
    "name": "Piran",
    "country_id": 201,
    "country_code": "SI",
    "fips_code": null,
    "iso2": "090",
    "type": "municipality",
    "latitude": "45.52888560",
    "longitude": "13.56807350",
    "native": "Piran",
    "timezone": "Europe/Ljubljana",
    "translations": {}
  },
  {
    "id": 4184,
    "name": "Pivka",
    "country_id": 201,
    "country_code": "SI",
    "fips_code": null,
    "iso2": "091",
    "type": "municipality",
    "latitude": "45.68250640",
    "longitude": "14.19535180",
    "native": "Pivka",
    "timezone": "Europe/Ljubljana",
    "translations": {}
  },
  {
    "id": 4146,
    "name": "Podčetrtek",
    "country_id": 201,
    "country_code": "SI",
    "fips_code": null,
    "iso2": "092",
    "type": "municipality",
    "latitude": "46.15180820",
    "longitude": "15.59749600",
    "native": "Podčetrtek",
    "timezone": "Europe/Ljubljana",
    "translations": {}
  },
  {
    "id": 4161,
    "name": "Podlehnik",
    "country_id": 201,
    "country_code": "SI",
    "fips_code": null,
    "iso2": "172",
    "type": "municipality",
    "latitude": "46.33107820",
    "longitude": "15.87858360",
    "native": "Podlehnik",
    "timezone": "Europe/Ljubljana",
    "translations": {}
  },
  {
    "id": 4234,
    "name": "Podvelka",
    "country_id": 201,
    "country_code": "SI",
    "fips_code": null,
    "iso2": "093",
    "type": "municipality",
    "latitude": "46.58898580",
    "longitude": "15.32806750",
    "native": "Podvelka",
    "timezone": "Europe/Ljubljana",
    "translations": {}
  },
  {
    "id": 4239,
    "name": "Poljčane",
    "country_id": 201,
    "country_code": "SI",
    "fips_code": null,
    "iso2": "200",
    "type": "municipality",
    "latitude": "46.31398530",
    "longitude": "15.57847910",
    "native": "Poljčane",
    "timezone": "Europe/Ljubljana",
    "translations": {}
  },
  {
    "id": 4272,
    "name": "Polzela",
    "country_id": 201,
    "country_code": "SI",
    "fips_code": null,
    "iso2": "173",
    "type": "municipality",
    "latitude": "46.28089700",
    "longitude": "15.07373210",
    "native": "Polzela",
    "timezone": "Europe/Ljubljana",
    "translations": {}
  },
  {
    "id": 4330,
    "name": "Postojna",
    "country_id": 201,
    "country_code": "SI",
    "fips_code": null,
    "iso2": "094",
    "type": "municipality",
    "latitude": "45.77493900",
    "longitude": "14.21342630",
    "native": "Postojna",
    "timezone": "Europe/Ljubljana",
    "translations": {}
  },
  {
    "id": 4188,
    "name": "Prebold",
    "country_id": 201,
    "country_code": "SI",
    "fips_code": null,
    "iso2": "174",
    "type": "municipality",
    "latitude": "46.23591360",
    "longitude": "15.09369120",
    "native": "Prebold",
    "timezone": "Europe/Ljubljana",
    "translations": {}
  },
  {
    "id": 4303,
    "name": "Preddvor",
    "country_id": 201,
    "country_code": "SI",
    "fips_code": null,
    "iso2": "095",
    "type": "municipality",
    "latitude": "46.30171390",
    "longitude": "14.42181650",
    "native": "Preddvor",
    "timezone": "Europe/Ljubljana",
    "translations": {}
  },
  {
    "id": 4274,
    "name": "Prevalje",
    "country_id": 201,
    "country_code": "SI",
    "fips_code": null,
    "iso2": "175",
    "type": "municipality",
    "latitude": "46.54606170",
    "longitude": "14.91697960",
    "native": "Prevalje",
    "timezone": "Europe/Ljubljana",
    "translations": {}
  },
  {
    "id": 4228,
    "name": "Ptuj",
    "country_id": 201,
    "country_code": "SI",
    "fips_code": null,
    "iso2": "096",
    "type": "urban municipality",
    "latitude": "46.41995350",
    "longitude": "15.86968840",
    "native": "Ptuj",
    "timezone": "Europe/Ljubljana",
    "translations": {}
  },
  {
    "id": 4288,
    "name": "Puconci",
    "country_id": 201,
    "country_code": "SI",
    "fips_code": null,
    "iso2": "097",
    "type": "municipality",
    "latitude": "46.70433480",
    "longitude": "16.15508520",
    "native": "Puconci",
    "timezone": "Europe/Ljubljana",
    "translations": {}
  },
  {
    "id": 4204,
    "name": "Rače–Fram",
    "country_id": 201,
    "country_code": "SI",
    "fips_code": null,
    "iso2": "098",
    "type": "municipality",
    "latitude": "46.45420830",
    "longitude": "15.63294670",
    "native": "Rače–Fram",
    "timezone": "Europe/Ljubljana",
    "translations": {}
  },
  {
    "id": 4195,
    "name": "Radeče",
    "country_id": 201,
    "country_code": "SI",
    "fips_code": null,
    "iso2": "099",
    "type": "municipality",
    "latitude": "46.06669540",
    "longitude": "15.18204380",
    "native": "Radeče",
    "timezone": "Europe/Ljubljana",
    "translations": {}
  },
  {
    "id": 4292,
    "name": "Radenci",
    "country_id": 201,
    "country_code": "SI",
    "fips_code": null,
    "iso2": "100",
    "type": "municipality",
    "latitude": "46.64090280",
    "longitude": "16.03998480",
    "native": "Radenci",
    "timezone": "Europe/Ljubljana",
    "translations": {}
  },
  {
    "id": 4275,
    "name": "Radlje ob Dravi",
    "country_id": 201,
    "country_code": "SI",
    "fips_code": null,
    "iso2": "101",
    "type": "municipality",
    "latitude": "46.61357320",
    "longitude": "15.23544380",
    "native": "Radlje ob Dravi",
    "timezone": "Europe/Ljubljana",
    "translations": {}
  },
  {
    "id": 4231,
    "name": "Radovljica",
    "country_id": 201,
    "country_code": "SI",
    "fips_code": null,
    "iso2": "102",
    "type": "municipality",
    "latitude": "46.34350900",
    "longitude": "14.17202270",
    "native": "Radovljica",
    "timezone": "Europe/Ljubljana",
    "translations": {}
  },
  {
    "id": 4155,
    "name": "Ravne na Koroškem",
    "country_id": 201,
    "country_code": "SI",
    "fips_code": null,
    "iso2": "103",
    "type": "municipality",
    "latitude": "46.55211940",
    "longitude": "14.95990840",
    "native": "Ravne na Koroškem",
    "timezone": "Europe/Ljubljana",
    "translations": {}
  },
  {
    "id": 4206,
    "name": "Razkrižje",
    "country_id": 201,
    "country_code": "SI",
    "fips_code": null,
    "iso2": "176",
    "type": "municipality",
    "latitude": "46.52263390",
    "longitude": "16.26686380",
    "native": "Razkrižje",
    "timezone": "Europe/Ljubljana",
    "translations": {}
  },
  {
    "id": 4160,
    "name": "Rečica ob Savinji",
    "country_id": 201,
    "country_code": "SI",
    "fips_code": null,
    "iso2": "209",
    "type": "municipality",
    "latitude": "46.32337900",
    "longitude": "14.92236700",
    "native": "Rečica ob Savinji",
    "timezone": "Europe/Ljubljana",
    "translations": {}
  },
  {
    "id": 4253,
    "name": "Renče–Vogrsko",
    "country_id": 201,
    "country_code": "SI",
    "fips_code": null,
    "iso2": "201",
    "type": "municipality",
    "latitude": "45.89546170",
    "longitude": "13.67856730",
    "native": "Renče–Vogrsko",
    "timezone": "Europe/Ljubljana",
    "translations": {}
  },
  {
    "id": 4235,
    "name": "Ribnica",
    "country_id": 201,
    "country_code": "SI",
    "fips_code": null,
    "iso2": "104",
    "type": "municipality",
    "latitude": "45.74003030",
    "longitude": "14.72657820",
    "native": "Ribnica",
    "timezone": "Europe/Ljubljana",
    "translations": {}
  },
  {
    "id": 4207,
    "name": "Ribnica na Pohorju",
    "country_id": 201,
    "country_code": "SI",
    "fips_code": null,
    "iso2": "177",
    "type": "municipality",
    "latitude": "46.53561450",
    "longitude": "15.26745380",
    "native": "Ribnica na Pohorju",
    "timezone": "Europe/Ljubljana",
    "translations": {}
  },
  {
    "id": 4233,
    "name": "Rogaška Slatina",
    "country_id": 201,
    "country_code": "SI",
    "fips_code": null,
    "iso2": "106",
    "type": "municipality",
    "latitude": "46.23298980",
    "longitude": "15.63843690",
    "native": "Rogaška Slatina",
    "timezone": "Europe/Ljubljana",
    "translations": {}
  },
  {
    "id": 4264,
    "name": "Rogašovci",
    "country_id": 201,
    "country_code": "SI",
    "fips_code": null,
    "iso2": "105",
    "type": "municipality",
    "latitude": "46.80557850",
    "longitude": "16.03452370",
    "native": "Rogašovci",
    "timezone": "Europe/Ljubljana",
    "translations": {}
  },
  {
    "id": 4209,
    "name": "Rogatec",
    "country_id": 201,
    "country_code": "SI",
    "fips_code": null,
    "iso2": "107",
    "type": "municipality",
    "latitude": "46.22866260",
    "longitude": "15.69913380",
    "native": "Rogatec",
    "timezone": "Europe/Ljubljana",
    "translations": {}
  },
  {
    "id": 4280,
    "name": "Ruše",
    "country_id": 201,
    "country_code": "SI",
    "fips_code": null,
    "iso2": "108",
    "type": "municipality",
    "latitude": "46.53866880",
    "longitude": "15.51394150",
    "native": "Ruševine",
    "timezone": "Europe/Ljubljana",
    "translations": {}
  },
  {
    "id": 4222,
    "name": "Šalovci",
    "country_id": 201,
    "country_code": "SI",
    "fips_code": null,
    "iso2": "033",
    "type": "municipality",
    "latitude": "46.82442710",
    "longitude": "16.28576600",
    "native": "Šalovci",
    "timezone": "Europe/Ljubljana",
    "translations": {}
  },
  {
    "id": 4230,
    "name": "Selnica ob Dravi",
    "country_id": 201,
    "country_code": "SI",
    "fips_code": null,
    "iso2": "178",
    "type": "municipality",
    "latitude": "46.55139180",
    "longitude": "15.49294100",
    "native": "Selnica ob Dravi",
    "timezone": "Europe/Ljubljana",
    "translations": {}
  },
  {
    "id": 4346,
    "name": "Semič",
    "country_id": 201,
    "country_code": "SI",
    "fips_code": null,
    "iso2": "109",
    "type": "municipality",
    "latitude": "45.65205340",
    "longitude": "15.18207010",
    "native": "Semič",
    "timezone": "Europe/Ljubljana",
    "translations": {}
  },
  {
    "id": 4317,
    "name": "Šempeter–Vrtojba",
    "country_id": 201,
    "country_code": "SI",
    "fips_code": null,
    "iso2": "183",
    "type": "municipality",
    "latitude": "45.91780930",
    "longitude": "13.65170040",
    "native": "Šempeter–Vrtojba",
    "timezone": "Europe/Ljubljana",
    "translations": {}
  },
  {
    "id": 4299,
    "name": "Šenčur",
    "country_id": 201,
    "country_code": "SI",
    "fips_code": null,
    "iso2": "117",
    "type": "municipality",
    "latitude": "46.24336990",
    "longitude": "14.41922230",
    "native": "Šenčur",
    "timezone": "Europe/Ljubljana",
    "translations": {}
  },
  {
    "id": 4324,
    "name": "Šentilj",
    "country_id": 201,
    "country_code": "SI",
    "fips_code": null,
    "iso2": "118",
    "type": "municipality",
    "latitude": "46.66960340",
    "longitude": "15.76883060",
    "native": "Šentilj",
    "timezone": "Europe/Ljubljana",
    "translations": {}
  },
  {
    "id": 4241,
    "name": "Šentjernej",
    "country_id": 201,
    "country_code": "SI",
    "fips_code": null,
    "iso2": "119",
    "type": "municipality",
    "latitude": "45.84341300",
    "longitude": "15.33783120",
    "native": "Šentjernej",
    "timezone": "Europe/Ljubljana",
    "translations": {}
  },
  {
    "id": 4171,
    "name": "Šentjur",
    "country_id": 201,
    "country_code": "SI",
    "fips_code": null,
    "iso2": "120",
    "type": "municipality",
    "latitude": "46.21683750",
    "longitude": "15.39379050",
    "native": "Šentjur",
    "timezone": "Europe/Ljubljana",
    "translations": {}
  },
  {
    "id": 4311,
    "name": "Šentrupert",
    "country_id": 201,
    "country_code": "SI",
    "fips_code": null,
    "iso2": "211",
    "type": "municipality",
    "latitude": "45.97712890",
    "longitude": "15.09140510",
    "native": "Šentrupert",
    "timezone": "Europe/Ljubljana",
    "translations": {}
  },
  {
    "id": 4268,
    "name": "Sevnica",
    "country_id": 201,
    "country_code": "SI",
    "fips_code": null,
    "iso2": "110",
    "type": "municipality",
    "latitude": "46.00703170",
    "longitude": "15.30456790",
    "native": "Sevnica",
    "timezone": "Europe/Ljubljana",
    "translations": {}
  },
  {
    "id": 4149,
    "name": "Sežana",
    "country_id": 201,
    "country_code": "SI",
    "fips_code": null,
    "iso2": "111",
    "type": "municipality",
    "latitude": "45.70917990",
    "longitude": "13.87309890",
    "native": "Sežana",
    "timezone": "Europe/Ljubljana",
    "translations": {}
  },
  {
    "id": 4170,
    "name": "Škocjan",
    "country_id": 201,
    "country_code": "SI",
    "fips_code": null,
    "iso2": "121",
    "type": "municipality",
    "latitude": "45.90778200",
    "longitude": "15.29061850",
    "native": "Škocjan",
    "timezone": "Europe/Ljubljana",
    "translations": {}
  },
  {
    "id": 4316,
    "name": "Škofja Loka",
    "country_id": 201,
    "country_code": "SI",
    "fips_code": null,
    "iso2": "122",
    "type": "municipality",
    "latitude": "46.16527400",
    "longitude": "14.30674740",
    "native": "Škofja Loka",
    "timezone": "Europe/Ljubljana",
    "translations": {}
  },
  {
    "id": 4187,
    "name": "Škofljica",
    "country_id": 201,
    "country_code": "SI",
    "fips_code": null,
    "iso2": "123",
    "type": "municipality",
    "latitude": "45.98409620",
    "longitude": "14.57466260",
    "native": "Škofljica",
    "timezone": "Europe/Ljubljana",
    "translations": {}
  },
  {
    "id": 4169,
    "name": "Slovenj Gradec",
    "country_id": 201,
    "country_code": "SI",
    "fips_code": null,
    "iso2": "112",
    "type": "urban municipality",
    "latitude": "46.50914400",
    "longitude": "15.07906770",
    "native": "Slovenj Gradec",
    "timezone": "Europe/Ljubljana",
    "translations": {}
  },
  {
    "id": 4332,
    "name": "Slovenska Bistrica",
    "country_id": 201,
    "country_code": "SI",
    "fips_code": null,
    "iso2": "113",
    "type": "municipality",
    "latitude": "46.39198130",
    "longitude": "15.57278690",
    "native": "Slovenska Bistrica",
    "timezone": "Europe/Ljubljana",
    "translations": {}
  },
  {
    "id": 4198,
    "name": "Slovenske Konjice",
    "country_id": 201,
    "country_code": "SI",
    "fips_code": null,
    "iso2": "114",
    "type": "municipality",
    "latitude": "46.33691910",
    "longitude": "15.42147080",
    "native": "Slovenske Konjice",
    "timezone": "Europe/Ljubljana",
    "translations": {}
  },
  {
    "id": 4285,
    "name": "Šmarje pri Jelšah",
    "country_id": 201,
    "country_code": "SI",
    "fips_code": null,
    "iso2": "124",
    "type": "municipality",
    "latitude": "46.22870250",
    "longitude": "15.51903530",
    "native": "Šmarje pri Jelšah",
    "timezone": "Europe/Ljubljana",
    "translations": {}
  },
  {
    "id": 4289,
    "name": "Šmarješke Toplice",
    "country_id": 201,
    "country_code": "SI",
    "fips_code": null,
    "iso2": "206",
    "type": "municipality",
    "latitude": "45.86803770",
    "longitude": "15.23474220",
    "native": "Šmarješke Toplice",
    "timezone": "Europe/Ljubljana",
    "translations": {}
  },
  {
    "id": 4296,
    "name": "Šmartno ob Paki",
    "country_id": 201,
    "country_code": "SI",
    "fips_code": null,
    "iso2": "125",
    "type": "municipality",
    "latitude": "46.32903720",
    "longitude": "15.03339370",
    "native": "Šmartno ob Paki",
    "timezone": "Europe/Ljubljana",
    "translations": {}
  },
  {
    "id": 4279,
    "name": "Šmartno pri Litiji",
    "country_id": 201,
    "country_code": "SI",
    "fips_code": null,
    "iso2": "194",
    "type": "municipality",
    "latitude": "46.04549710",
    "longitude": "14.84101330",
    "native": "Šmartno pri Litiji",
    "timezone": "Europe/Ljubljana",
    "translations": {}
  },
  {
    "id": 4277,
    "name": "Sodražica",
    "country_id": 201,
    "country_code": "SI",
    "fips_code": null,
    "iso2": "179",
    "type": "municipality",
    "latitude": "45.76165650",
    "longitude": "14.63528530",
    "native": "Sodražica",
    "timezone": "Europe/Ljubljana",
    "translations": {}
  },
  {
    "id": 4261,
    "name": "Solčava",
    "country_id": 201,
    "country_code": "SI",
    "fips_code": null,
    "iso2": "180",
    "type": "municipality",
    "latitude": "46.41955690",
    "longitude": "14.69202420",
    "native": "Solčava",
    "timezone": "Europe/Ljubljana",
    "translations": {}
  },
  {
    "id": 4248,
    "name": "Šoštanj",
    "country_id": 201,
    "country_code": "SI",
    "fips_code": null,
    "iso2": "126",
    "type": "municipality",
    "latitude": "46.37828360",
    "longitude": "15.04613780",
    "native": "Šoštanj",
    "timezone": "Europe/Ljubljana",
    "translations": {}
  },
  {
    "id": 4263,
    "name": "Središče ob Dravi",
    "country_id": 201,
    "country_code": "SI",
    "fips_code": null,
    "iso2": "202",
    "type": "municipality",
    "latitude": "46.39592820",
    "longitude": "16.27049150",
    "native": "Središče ob Dravi",
    "timezone": "Europe/Ljubljana",
    "translations": {}
  },
  {
    "id": 4259,
    "name": "Starše",
    "country_id": 201,
    "country_code": "SI",
    "fips_code": null,
    "iso2": "115",
    "type": "municipality",
    "latitude": "46.46743310",
    "longitude": "15.76405460",
    "native": "Starše",
    "timezone": "Europe/Ljubljana",
    "translations": {}
  },
  {
    "id": 4185,
    "name": "Štore",
    "country_id": 201,
    "country_code": "SI",
    "fips_code": null,
    "iso2": "127",
    "type": "municipality",
    "latitude": "46.22225140",
    "longitude": "15.31261160",
    "native": "Štore",
    "timezone": "Europe/Ljubljana",
    "translations": {}
  },
  {
    "id": 4333,
    "name": "Straža",
    "country_id": 201,
    "country_code": "SI",
    "fips_code": null,
    "iso2": "203",
    "type": "municipality",
    "latitude": "45.78368550",
    "longitude": "15.07303990",
    "native": "Straža",
    "timezone": "Europe/Ljubljana",
    "translations": {}
  },
  {
    "id": 4164,
    "name": "Sveta Ana",
    "country_id": 201,
    "country_code": "SI",
    "fips_code": null,
    "iso2": "181",
    "type": "municipality",
    "latitude": "46.65000000",
    "longitude": "15.84527800",
    "native": "Sveta ana",
    "timezone": "Europe/Ljubljana",
    "translations": {}
  },
  {
    "id": 4260,
    "name": "Sveta Trojica v Slovenskih Goricah",
    "country_id": 201,
    "country_code": "SI",
    "fips_code": null,
    "iso2": "204",
    "type": "municipality",
    "latitude": "46.56808090",
    "longitude": "15.88230640",
    "native": "Sveta Trojica v Slovenskih Goricah",
    "timezone": "Europe/Ljubljana",
    "translations": {}
  },
  {
    "id": 4229,
    "name": "Sveti Andraž v Slovenskih Goricah",
    "country_id": 201,
    "country_code": "SI",
    "fips_code": null,
    "iso2": "182",
    "type": "municipality",
    "latitude": "46.51897470",
    "longitude": "15.94982620",
    "native": "Sveti Andraž v Slovenskih Goricah",
    "timezone": "Europe/Ljubljana",
    "translations": {}
  },
  {
    "id": 4255,
    "name": "Sveti Jurij ob Ščavnici",
    "country_id": 201,
    "country_code": "SI",
    "fips_code": null,
    "iso2": "116",
    "type": "municipality",
    "latitude": "46.56874520",
    "longitude": "16.02225280",
    "native": "Sveti Jurij ob Ščavnici",
    "timezone": "Europe/Ljubljana",
    "translations": {}
  },
  {
    "id": 4328,
    "name": "Sveti Jurij v Slovenskih Goricah",
    "country_id": 201,
    "country_code": "SI",
    "fips_code": null,
    "iso2": "210",
    "type": "municipality",
    "latitude": "46.61333550",
    "longitude": "15.79741410",
    "native": "Sveti Jurij v Slovenskih Goricah",
    "timezone": "Europe/Ljubljana",
    "translations": {}
  },
  {
    "id": 4273,
    "name": "Sveti Tomaž",
    "country_id": 201,
    "country_code": "SI",
    "fips_code": null,
    "iso2": "205",
    "type": "municipality",
    "latitude": "46.48352830",
    "longitude": "16.07944200",
    "native": "Sveti Tomaž",
    "timezone": "Europe/Ljubljana",
    "translations": {}
  },
  {
    "id": 4194,
    "name": "Tabor",
    "country_id": 201,
    "country_code": "SI",
    "fips_code": null,
    "iso2": "184",
    "type": "municipality",
    "latitude": "46.23505400",
    "longitude": "15.01530810",
    "native": "Tabor",
    "timezone": "Europe/Ljubljana",
    "translations": {}
  },
  {
    "id": 4312,
    "name": "Tišina",
    "country_id": 201,
    "country_code": "SI",
    "fips_code": null,
    "iso2": "010",
    "type": "municipality",
    "latitude": "46.65418840",
    "longitude": "16.07547810",
    "native": "Tišina",
    "timezone": "Europe/Ljubljana",
    "translations": {}
  },
  {
    "id": 4247,
    "name": "Tolmin",
    "country_id": 201,
    "country_code": "SI",
    "fips_code": null,
    "iso2": "128",
    "type": "municipality",
    "latitude": "46.18571880",
    "longitude": "13.73198380",
    "native": "Tolmin",
    "timezone": "Europe/Ljubljana",
    "translations": {}
  },
  {
    "id": 4246,
    "name": "Trbovlje",
    "country_id": 201,
    "country_code": "SI",
    "fips_code": null,
    "iso2": "129",
    "type": "municipality",
    "latitude": "46.15035630",
    "longitude": "15.04531370",
    "native": "Trbovlje",
    "timezone": "Europe/Ljubljana",
    "translations": {}
  },
  {
    "id": 4214,
    "name": "Trebnje",
    "country_id": 201,
    "country_code": "SI",
    "fips_code": null,
    "iso2": "130",
    "type": "municipality",
    "latitude": "45.90801630",
    "longitude": "15.01319050",
    "native": "Trebnje",
    "timezone": "Europe/Ljubljana",
    "translations": {}
  },
  {
    "id": 4153,
    "name": "Trnovska Vas",
    "country_id": 201,
    "country_code": "SI",
    "fips_code": null,
    "iso2": "185",
    "type": "municipality",
    "latitude": "46.51968330",
    "longitude": "15.88678840",
    "native": "Trnovska Vas",
    "timezone": "Europe/Ljubljana",
    "translations": {}
  },
  {
    "id": 4250,
    "name": "Tržič",
    "country_id": 201,
    "country_code": "SI",
    "fips_code": null,
    "iso2": "131",
    "type": "municipality",
    "latitude": "46.35935140",
    "longitude": "14.30066230",
    "native": "Tržič",
    "timezone": "Europe/Ljubljana",
    "translations": {}
  },
  {
    "id": 4334,
    "name": "Trzin",
    "country_id": 201,
    "country_code": "SI",
    "fips_code": null,
    "iso2": "186",
    "type": "municipality",
    "latitude": "46.12982410",
    "longitude": "14.55776370",
    "native": "Trzin",
    "timezone": "Europe/Ljubljana",
    "translations": {}
  },
  {
    "id": 4251,
    "name": "Turnišče",
    "country_id": 201,
    "country_code": "SI",
    "fips_code": null,
    "iso2": "132",
    "type": "municipality",
    "latitude": "46.62488850",
    "longitude": "16.31651870",
    "native": "Turnišče",
    "timezone": "Europe/Ljubljana",
    "translations": {}
  },
  {
    "id": 4267,
    "name": "Velika Polana",
    "country_id": 201,
    "country_code": "SI",
    "fips_code": null,
    "iso2": "187",
    "type": "municipality",
    "latitude": "46.57317150",
    "longitude": "16.34441260",
    "native": "Velika Polana",
    "timezone": "Europe/Ljubljana",
    "translations": {}
  },
  {
    "id": 4144,
    "name": "Velike Lašče",
    "country_id": 201,
    "country_code": "SI",
    "fips_code": null,
    "iso2": "134",
    "type": "municipality",
    "latitude": "45.83365910",
    "longitude": "14.63623630",
    "native": "Velike Lašče",
    "timezone": "Europe/Ljubljana",
    "translations": {}
  },
  {
    "id": 4257,
    "name": "Veržej",
    "country_id": 201,
    "country_code": "SI",
    "fips_code": null,
    "iso2": "188",
    "type": "municipality",
    "latitude": "46.58411350",
    "longitude": "16.16208000",
    "native": "Veržej",
    "timezone": "Europe/Ljubljana",
    "translations": {}
  },
  {
    "id": 4300,
    "name": "Videm",
    "country_id": 201,
    "country_code": "SI",
    "fips_code": null,
    "iso2": "135",
    "type": "municipality",
    "latitude": "46.34295020",
    "longitude": "15.93223790",
    "native": "Videm",
    "timezone": "Europe/Ljubljana",
    "translations": {}
  },
  {
    "id": 4196,
    "name": "Vipava",
    "country_id": 201,
    "country_code": "SI",
    "fips_code": null,
    "iso2": "136",
    "type": "municipality",
    "latitude": "45.84126740",
    "longitude": "13.96096130",
    "native": "Vipava",
    "timezone": "Europe/Ljubljana",
    "translations": {}
  },
  {
    "id": 4148,
    "name": "Vitanje",
    "country_id": 201,
    "country_code": "SI",
    "fips_code": null,
    "iso2": "137",
    "type": "municipality",
    "latitude": "46.38153230",
    "longitude": "15.29506870",
    "native": "Vitanje",
    "timezone": "Europe/Ljubljana",
    "translations": {}
  },
  {
    "id": 4154,
    "name": "Vodice",
    "country_id": 201,
    "country_code": "SI",
    "fips_code": null,
    "iso2": "138",
    "type": "municipality",
    "latitude": "46.18966430",
    "longitude": "14.49385390",
    "native": "Vodice",
    "timezone": "Europe/Ljubljana",
    "translations": {}
  },
  {
    "id": 4245,
    "name": "Vojnik",
    "country_id": 201,
    "country_code": "SI",
    "fips_code": null,
    "iso2": "139",
    "type": "municipality",
    "latitude": "46.29205810",
    "longitude": "15.30205800",
    "native": "Vojak",
    "timezone": "Europe/Ljubljana",
    "translations": {}
  },
  {
    "id": 4163,
    "name": "Vransko",
    "country_id": 201,
    "country_code": "SI",
    "fips_code": null,
    "iso2": "189",
    "type": "municipality",
    "latitude": "46.23900600",
    "longitude": "14.95272490",
    "native": "Vransko",
    "timezone": "Europe/Ljubljana",
    "translations": {}
  },
  {
    "id": 4262,
    "name": "Vrhnika",
    "country_id": 201,
    "country_code": "SI",
    "fips_code": null,
    "iso2": "140",
    "type": "municipality",
    "latitude": "45.96636070",
    "longitude": "14.29807720",
    "native": "Vrhnika",
    "timezone": "Europe/Ljubljana",
    "translations": {}
  },
  {
    "id": 4226,
    "name": "Vuzenica",
    "country_id": 201,
    "country_code": "SI",
    "fips_code": null,
    "iso2": "141",
    "type": "municipality",
    "latitude": "46.59808360",
    "longitude": "15.16572370",
    "native": "Vuzenica",
    "timezone": "Europe/Ljubljana",
    "translations": {}
  },
  {
    "id": 4269,
    "name": "Zagorje ob Savi",
    "country_id": 201,
    "country_code": "SI",
    "fips_code": null,
    "iso2": "142",
    "type": "municipality",
    "latitude": "46.13452020",
    "longitude": "14.99643840",
    "native": "Zagorje ob Savi",
    "timezone": "Europe/Ljubljana",
    "translations": {}
  },
  {
    "id": 4258,
    "name": "Žalec",
    "country_id": 201,
    "country_code": "SI",
    "fips_code": null,
    "iso2": "190",
    "type": "municipality",
    "latitude": "46.25197120",
    "longitude": "15.16500720",
    "native": "Žalec",
    "timezone": "Europe/Ljubljana",
    "translations": {}
  },
  {
    "id": 4182,
    "name": "Zavrč",
    "country_id": 201,
    "country_code": "SI",
    "fips_code": null,
    "iso2": "143",
    "type": "municipality",
    "latitude": "46.38602210",
    "longitude": "16.04598790",
    "native": "Zavrč",
    "timezone": "Europe/Ljubljana",
    "translations": {}
  },
  {
    "id": 4256,
    "name": "Železniki",
    "country_id": 201,
    "country_code": "SI",
    "fips_code": null,
    "iso2": "146",
    "type": "municipality",
    "latitude": "46.22563770",
    "longitude": "14.16936170",
    "native": "Železniki",
    "timezone": "Europe/Ljubljana",
    "translations": {}
  },
  {
    "id": 4249,
    "name": "Žetale",
    "country_id": 201,
    "country_code": "SI",
    "fips_code": null,
    "iso2": "191",
    "type": "municipality",
    "latitude": "46.27428330",
    "longitude": "15.79133590",
    "native": "Žetale",
    "timezone": "Europe/Ljubljana",
    "translations": {}
  },
  {
    "id": 4192,
    "name": "Žiri",
    "country_id": 201,
    "country_code": "SI",
    "fips_code": null,
    "iso2": "147",
    "type": "municipality",
    "latitude": "46.04724990",
    "longitude": "14.10984510",
    "native": "Porota",
    "timezone": "Europe/Ljubljana",
    "translations": {}
  },
  {
    "id": 4276,
    "name": "Žirovnica",
    "country_id": 201,
    "country_code": "SI",
    "fips_code": null,
    "iso2": "192",
    "type": "municipality",
    "latitude": "46.40460830",
    "longitude": "14.13532290",
    "native": "Žirovnica",
    "timezone": "Europe/Ljubljana",
    "translations": {}
  },
  {
    "id": 4342,
    "name": "Zreče",
    "country_id": 201,
    "country_code": "SI",
    "fips_code": null,
    "iso2": "144",
    "type": "municipality",
    "latitude": "46.37163540",
    "longitude": "15.39001850",
    "native": "Zreče",
    "timezone": "Europe/Ljubljana",
    "translations": {}
  },
  {
    "id": 4307,
    "name": "Žužemberk",
    "country_id": 201,
    "country_code": "SI",
    "fips_code": null,
    "iso2": "193",
    "type": "municipality",
    "latitude": "45.83160830",
    "longitude": "14.92954910",
    "native": "Žužemberk",
    "timezone": "Europe/Ljubljana",
    "translations": {}
  }
]