[
  {
    "id": 3362,
    "name": "Arima",
    "country_id": 223,
    "country_code": "TT",
    "fips_code": null,
    "iso2": "ARI",
    "type": "borough",
    "latitude": "10.63720570",
    "longitude": "-61.28297620",
    "native": "Arima",
    "timezone": "America/Port_of_Spain",
    "translations": {}
  },
  {
    "id": 3366,
    "name": "Chaguanas",
    "country_id": 223,
    "country_code": "TT",
    "fips_code": null,
    "iso2": "CHA",
    "type": "borough",
    "latitude": "10.51683870",
    "longitude": "-61.41144820",
    "native": "SelectNas",
    "timezone": "America/Port_of_Spain",
    "translations": {}
  },
  {
    "id": 3354,
    "name": "Couva-Tabaquite-Talparo",
    "country_id": 223,
    "country_code": "TT",
    "fips_code": null,
    "iso2": "CTT",
    "type": "region",
    "latitude": "10.44976690",
    "longitude": "-61.34438810",
    "native": "Couva-Tabaquite-Talparo",
    "timezone": "America/Port_of_Spain",
    "translations": {}
  },
  {
    "id": 3367,
    "name": "Diego Martin",
    "country_id": 223,
    "country_code": "TT",
    "fips_code": null,
    "iso2": "DMN",
    "type": "region",
    "latitude": "10.71385960",
    "longitude": "-61.57935550",
    "native": "Diego Martin",
    "timezone": "America/Port_of_Spain",
    "translations": {}
  },
  {
    "id": 3355,
    "name": "Eastern Tobago",
    "country_id": 223,
    "country_code": "TT",
    "fips_code": null,
    "iso2": "ETO",
    "type": "region",
    "latitude": "11.28322320",
    "longitude": "-60.69250660",
    "native": "Eastern Tobago",
    "timezone": "America/Port_of_Spain",
    "translations": {}
  },
  {
    "id": 3365,
    "name": "Penal-Debe",
    "country_id": 223,
    "country_code": "TT",
    "fips_code": null,
    "iso2": "PED",
    "type": "region",
    "latitude": "10.16491870",
    "longitude": "-61.42863250",
    "native": "Criminal-Debe",
    "timezone": "America/Port_of_Spain",
    "translations": {}
  },
  {
    "id": 3360,
    "name": "Point Fortin",
    "country_id": 223,
    "country_code": "TT",
    "fips_code": null,
    "iso2": "PTF",
    "type": "borough",
    "latitude": "10.17592830",
    "longitude": "-61.68272860",
    "native": "Point Fortin",
    "timezone": "America/Port_of_Spain",
    "translations": {}
  },
  {
    "id": 3363,
    "name": "Port of Spain",
    "country_id": 223,
    "country_code": "TT",
    "fips_code": null,
    "iso2": "POS",
    "type": "city",
    "latitude": "10.65726780",
    "longitude": "-61.51801730",
    "native": "Port of Spain",
    "timezone": "America/Port_of_Spain",
    "translations": {}
  },
  {
    "id": 3368,
    "name": "Princes Town",
    "country_id": 223,
    "country_code": "TT",
    "fips_code": null,
    "iso2": "PRT",
    "type": "region",
    "latitude": "10.20480030",
    "longitude": "-61.28061860",
    "native": "Princes Town",
    "timezone": "America/Port_of_Spain",
    "translations": {}
  },
  {
    "id": 3356,
    "name": "Rio Claro-Mayaro",
    "country_id": 223,
    "country_code": "TT",
    "fips_code": null,
    "iso2": "MRC",
    "type": "region",
    "latitude": "10.25970160",
    "longitude": "-61.09235030",
    "native": "Rio Claro-Mayaro",
    "timezone": "America/Port_of_Spain",
    "translations": {}
  },
  {
    "id": 3359,
    "name": "San Fernando",
    "country_id": 223,
    "country_code": "TT",
    "fips_code": null,
    "iso2": "SFO",
    "type": "region",
    "latitude": "10.28070690",
    "longitude": "-61.46458960",
    "native": "San Fernando",
    "timezone": "America/Port_of_Spain",
    "translations": {}
  },
  {
    "id": 3357,
    "name": "San Juan-Laventille",
    "country_id": 223,
    "country_code": "TT",
    "fips_code": null,
    "iso2": "SJL",
    "type": "region",
    "latitude": "10.67560660",
    "longitude": "-61.47101540",
    "native": "For San Juan Lavent",
    "timezone": "America/Port_of_Spain",
    "translations": {}
  },
  {
    "id": 3361,
    "name": "Sangre Grande",
    "country_id": 223,
    "country_code": "TT",
    "fips_code": null,
    "iso2": "SGE",
    "type": "region",
    "latitude": "10.63754020",
    "longitude": "-61.11774990",
    "native": "Big blood",
    "timezone": "America/Port_of_Spain",
    "translations": {}
  },
  {
    "id": 3364,
    "name": "Siparia",
    "country_id": 223,
    "country_code": "TT",
    "fips_code": null,
    "iso2": "SIP",
    "type": "region",
    "latitude": "10.14716070",
    "longitude": "-61.57870320",
    "native": "Siparia",
    "timezone": "America/Port_of_Spain",
    "translations": {}
  },
  {
    "id": 3358,
    "name": "Tunapuna-Piarco",
    "country_id": 223,
    "country_code": "TT",
    "fips_code": null,
    "iso2": "TUP",
    "type": "region",
    "latitude": "10.68543330",
    "longitude": "-61.32052740",
    "native": "Tunapuna-Piarco",
    "timezone": "America/Port_of_Spain",
    "translations": {}
  },
  {
    "id": 3353,
    "name": "Western Tobago",
    "country_id": 223,
    "country_code": "TT",
    "fips_code": null,
    "iso2": "WTO",
    "type": "region",
    "latitude": "11.15728850",
    "longitude": "-60.81650130",
    "native": "Western Tobago",
    "timezone": "America/Port_of_Spain",
    "translations": {}
  }
]