[
  {
    "id": 4520,
    "name": "Aileu",
    "country_id": 63,
    "country_code": "TL",
    "fips_code": null,
    "iso2": "AL",
    "type": "municipality",
    "latitude": "-8.70497990",
    "longitude": "125.66255180",
    "native": "Aileu",
    "timezone": "Asia/Dili",
    "translations": {}
  },
  {
    "id": 4518,
    "name": "Ainaro",
    "country_id": 63,
    "country_code": "TL",
    "fips_code": null,
    "iso2": "AN",
    "type": "municipality",
    "latitude": "-8.99690210",
    "longitude": "125.50482000",
    "native": "Ainaro",
    "timezone": "Asia/Dili",
    "translations": {}
  },
  {
    "id": 4521,
    "name": "Baucau",
    "country_id": 63,
    "country_code": "TL",
    "fips_code": null,
    "iso2": "BA",
    "type": "municipality",
    "latitude": "-8.47143080",
    "longitude": "126.45759910",
    "native": "Bauau",
    "timezone": "Asia/Dili",
    "translations": {}
  },
  {
    "id": 4525,
    "name": "Bobonaro",
    "country_id": 63,
    "country_code": "TL",
    "fips_code": null,
    "iso2": "BO",
    "type": "municipality",
    "latitude": "-8.97455500",
    "longitude": "125.23065050",
    "native": "Ver",
    "timezone": "Asia/Dili",
    "translations": {}
  },
  {
    "id": 4522,
    "name": "Cova Lima",
    "country_id": 63,
    "country_code": "TL",
    "fips_code": null,
    "iso2": "CO",
    "type": "municipality",
    "latitude": "-9.23529850",
    "longitude": "125.23293590",
    "native": "Cova Lima",
    "timezone": "Asia/Dili",
    "translations": {}
  },
  {
    "id": 4524,
    "name": "Dili",
    "country_id": 63,
    "country_code": "TL",
    "fips_code": null,
    "iso2": "DI",
    "type": "municipality",
    "latitude": "-8.55368090",
    "longitude": "125.57840930",
    "native": "Dili",
    "timezone": "Asia/Dili",
    "translations": {}
  },
  {
    "id": 4516,
    "name": "Ermera",
    "country_id": 63,
    "country_code": "TL",
    "fips_code": null,
    "iso2": "ER",
    "type": "municipality",
    "latitude": "-8.76562500",
    "longitude": "125.42157130",
    "native": "Hermera",
    "timezone": "Asia/Dili",
    "translations": {}
  },
  {
    "id": 4523,
    "name": "Lautém",
    "country_id": 63,
    "country_code": "TL",
    "fips_code": null,
    "iso2": "LA",
    "type": "municipality",
    "latitude": "-8.43351270",
    "longitude": "126.82587380",
    "native": "Lautem",
    "timezone": "Asia/Dili",
    "translations": {}
  },
  {
    "id": 4515,
    "name": "Liquiçá",
    "country_id": 63,
    "country_code": "TL",
    "fips_code": null,
    "iso2": "LI",
    "type": "municipality",
    "latitude": "-8.65506100",
    "longitude": "125.27514520",
    "native": "Liquiçá",
    "timezone": "Asia/Dili",
    "translations": {}
  },
  {
    "id": 4517,
    "name": "Manatuto",
    "country_id": 63,
    "country_code": "TL",
    "fips_code": null,
    "iso2": "MT",
    "type": "municipality",
    "latitude": "-8.51556080",
    "longitude": "126.01592550",
    "native": "Manatsuto",
    "timezone": "Asia/Dili",
    "translations": {}
  },
  {
    "id": 4519,
    "name": "Manufahi",
    "country_id": 63,
    "country_code": "TL",
    "fips_code": null,
    "iso2": "MF",
    "type": "municipality",
    "latitude": "-8.96666000",
    "longitude": "125.78109210",
    "native": "Fabricante",
    "timezone": "Asia/Dili",
    "translations": {}
  },
  {
    "id": 4514,
    "name": "Viqueque",
    "country_id": 63,
    "country_code": "TL",
    "fips_code": null,
    "iso2": "VI",
    "type": "municipality",
    "latitude": "-8.85979180",
    "longitude": "126.36335160",
    "native": "Viqueque",
    "timezone": "Asia/Dili",
    "translations": {}
  }
]