[
  {
    "id": 1561,
    "name": "Akmenė",
    "country_id": 126,
    "country_code": "LT",
    "fips_code": null,
    "iso2": "01",
    "type": "district municipality",
    "latitude": "56.24550290",
    "longitude": "22.74711690",
    "native": "Akmenė",
    "timezone": "Europe/Vilnius",
    "translations": {}
  },
  {
    "id": 1605,
    "name": "Alytus",
    "country_id": 126,
    "country_code": "LT",
    "fips_code": null,
    "iso2": "02",
    "type": "district municipality",
    "latitude": "54.39246770",
    "longitude": "24.10876070",
    "native": "Alytus",
    "timezone": "Europe/Vilnius",
    "translations": {}
  },
  {
    "id": 1574,
    "name": "Alytus",
    "country_id": 126,
    "country_code": "LT",
    "fips_code": null,
    "iso2": "AL",
    "type": "county",
    "latitude": "54.39246770",
    "longitude": "24.10876070",
    "native": "Alytus",
    "timezone": "Europe/Vilnius",
    "translations": {}
  },
  {
    "id": 5346,
    "name": "Anykščiai",
    "country_id": 126,
    "country_code": "LT",
    "fips_code": null,
    "iso2": "04",
    "type": "district municipality",
    "latitude": "55.52579350",
    "longitude": "25.10612470",
    "native": "Anykščiai",
    "timezone": "Europe/Vilnius",
    "translations": {}
  },
  {
    "id": 1603,
    "name": "Birštonas",
    "country_id": 126,
    "country_code": "LT",
    "fips_code": null,
    "iso2": "05",
    "type": "municipality",
    "latitude": "54.58641940",
    "longitude": "24.04217360",
    "native": "Birštonas",
    "timezone": "Europe/Vilnius",
    "translations": {}
  },
  {
    "id": 1566,
    "name": "Biržai",
    "country_id": 126,
    "country_code": "LT",
    "fips_code": null,
    "iso2": "06",
    "type": "district municipality",
    "latitude": "56.20177190",
    "longitude": "24.75601180",
    "native": "Biržai",
    "timezone": "Europe/Vilnius",
    "translations": {}
  },
  {
    "id": 1579,
    "name": "Druskininkai",
    "country_id": 126,
    "country_code": "LT",
    "fips_code": null,
    "iso2": "07",
    "type": "municipality",
    "latitude": "54.01719320",
    "longitude": "23.97722820",
    "native": "Druskininkai",
    "timezone": "Europe/Vilnius",
    "translations": {}
  },
  {
    "id": 1559,
    "name": "Elektrėnai",
    "country_id": 126,
    "country_code": "LT",
    "fips_code": null,
    "iso2": "08",
    "type": "municipality",
    "latitude": "54.78665700",
    "longitude": "24.67083980",
    "native": "Elektrėnai",
    "timezone": "Europe/Vilnius",
    "translations": {}
  },
  {
    "id": 1562,
    "name": "Ignalina",
    "country_id": 126,
    "country_code": "LT",
    "fips_code": null,
    "iso2": "09",
    "type": "district municipality",
    "latitude": "55.33989750",
    "longitude": "26.16140430",
    "native": "Ignalina",
    "timezone": "Europe/Vilnius",
    "translations": {}
  },
  {
    "id": 1567,
    "name": "Jonava",
    "country_id": 126,
    "country_code": "LT",
    "fips_code": null,
    "iso2": "10",
    "type": "district municipality",
    "latitude": "55.07272420",
    "longitude": "24.27933370",
    "native": "Jonava",
    "timezone": "Europe/Vilnius",
    "translations": {}
  },
  {
    "id": 1581,
    "name": "Joniškis",
    "country_id": 126,
    "country_code": "LT",
    "fips_code": null,
    "iso2": "11",
    "type": "district municipality",
    "latitude": "56.23607300",
    "longitude": "23.61365790",
    "native": "Joniškis",
    "timezone": "Europe/Vilnius",
    "translations": {}
  },
  {
    "id": 1555,
    "name": "Jurbarkas",
    "country_id": 126,
    "country_code": "LT",
    "fips_code": null,
    "iso2": "12",
    "type": "district municipality",
    "latitude": "55.07770770",
    "longitude": "22.76469450",
    "native": "Jurbarkas",
    "timezone": "Europe/Vilnius",
    "translations": {}
  },
  {
    "id": 1583,
    "name": "Kaišiadorys",
    "country_id": 126,
    "country_code": "LT",
    "fips_code": null,
    "iso2": "13",
    "type": "district municipality",
    "latitude": "54.86023370",
    "longitude": "24.45447850",
    "native": "Kaišiadorys",
    "timezone": "Europe/Vilnius",
    "translations": {}
  },
  {
    "id": 1591,
    "name": "Kalvarija",
    "country_id": 126,
    "country_code": "LT",
    "fips_code": null,
    "iso2": "14",
    "type": "municipality",
    "latitude": "54.37616740",
    "longitude": "23.19203210",
    "native": "Kalvarija",
    "timezone": "Europe/Vilnius",
    "translations": {}
  },
  {
    "id": 1580,
    "name": "Kaunas",
    "country_id": 126,
    "country_code": "LT",
    "fips_code": null,
    "iso2": "15",
    "type": "district municipality",
    "latitude": "54.89821390",
    "longitude": "23.90448170",
    "native": "Kaunas",
    "timezone": "Europe/Vilnius",
    "translations": {}
  },
  {
    "id": 1556,
    "name": "Kaunas",
    "country_id": 126,
    "country_code": "LT",
    "fips_code": null,
    "iso2": "KU",
    "type": "county",
    "latitude": "54.89821390",
    "longitude": "23.90448170",
    "native": "Kaunas",
    "timezone": "Europe/Vilnius",
    "translations": {}
  },
  {
    "id": 1575,
    "name": "Kazlų Rūda",
    "country_id": 126,
    "country_code": "LT",
    "fips_code": null,
    "iso2": "17",
    "type": "municipality",
    "latitude": "54.75206690",
    "longitude": "23.49851410",
    "native": "Kazlų Rūda",
    "timezone": "Europe/Vilnius",
    "translations": {}
  },
  {
    "id": 1584,
    "name": "Kėdainiai",
    "country_id": 126,
    "country_code": "LT",
    "fips_code": null,
    "iso2": "18",
    "type": "district municipality",
    "latitude": "55.28873220",
    "longitude": "23.97583590",
    "native": "Kėdainiai",
    "timezone": "Europe/Vilnius",
    "translations": {}
  },
  {
    "id": 1618,
    "name": "Kelmė",
    "country_id": 126,
    "country_code": "LT",
    "fips_code": null,
    "iso2": "19",
    "type": "district municipality",
    "latitude": "55.62946790",
    "longitude": "22.93130950",
    "native": "Kelmė",
    "timezone": "Europe/Vilnius",
    "translations": {}
  },
  {
    "id": 1600,
    "name": "Klaipėda",
    "country_id": 126,
    "country_code": "LT",
    "fips_code": null,
    "iso2": "KL",
    "type": "county",
    "latitude": "55.71275290",
    "longitude": "21.13504690",
    "native": "Klaipėda",
    "timezone": "Europe/Vilnius",
    "translations": {}
  },
  {
    "id": 1604,
    "name": "Klaipėda",
    "country_id": 126,
    "country_code": "LT",
    "fips_code": null,
    "iso2": "21",
    "type": "district municipality",
    "latitude": "55.71275290",
    "longitude": "21.13504690",
    "native": "Klaipėda",
    "timezone": "Europe/Vilnius",
    "translations": {}
  },
  {
    "id": 1571,
    "name": "Kretinga",
    "country_id": 126,
    "country_code": "LT",
    "fips_code": null,
    "iso2": "22",
    "type": "district municipality",
    "latitude": "55.88384200",
    "longitude": "21.23509190",
    "native": "Kretinga",
    "timezone": "Europe/Vilnius",
    "translations": {}
  },
  {
    "id": 1585,
    "name": "Kupiškis",
    "country_id": 126,
    "country_code": "LT",
    "fips_code": null,
    "iso2": "23",
    "type": "district municipality",
    "latitude": "55.83889090",
    "longitude": "24.97604310",
    "native": "Kupiškis",
    "timezone": "Europe/Vilnius",
    "translations": {}
  },
  {
    "id": 1611,
    "name": "Lazdijai",
    "country_id": 126,
    "country_code": "LT",
    "fips_code": null,
    "iso2": "24",
    "type": "district municipality",
    "latitude": "54.23432670",
    "longitude": "23.51565050",
    "native": "Lazdijai",
    "timezone": "Europe/Vilnius",
    "translations": {}
  },
  {
    "id": 1610,
    "name": "Marijampolė",
    "country_id": 126,
    "country_code": "LT",
    "fips_code": null,
    "iso2": "25",
    "type": "district municipality",
    "latitude": "54.55625360",
    "longitude": "23.35036650",
    "native": "Marijampolė",
    "timezone": "Europe/Vilnius",
    "translations": {}
  },
  {
    "id": 1570,
    "name": "Marijampolė",
    "country_id": 126,
    "country_code": "LT",
    "fips_code": null,
    "iso2": "MR",
    "type": "county",
    "latitude": "54.55625360",
    "longitude": "23.35036650",
    "native": "Marijampolė",
    "timezone": "Europe/Vilnius",
    "translations": {}
  },
  {
    "id": 1557,
    "name": "Mažeikiai",
    "country_id": 126,
    "country_code": "LT",
    "fips_code": null,
    "iso2": "26",
    "type": "district municipality",
    "latitude": "56.30924390",
    "longitude": "22.34146800",
    "native": "Mažeikiai",
    "timezone": "Europe/Vilnius",
    "translations": {}
  },
  {
    "id": 1582,
    "name": "Molėtai",
    "country_id": 126,
    "country_code": "LT",
    "fips_code": null,
    "iso2": "27",
    "type": "district municipality",
    "latitude": "55.22653090",
    "longitude": "25.41800110",
    "native": "Molėtai",
    "timezone": "Europe/Vilnius",
    "translations": {}
  },
  {
    "id": 1563,
    "name": "Neringa",
    "country_id": 126,
    "country_code": "LT",
    "fips_code": null,
    "iso2": "28",
    "type": "municipality",
    "latitude": "55.47568280",
    "longitude": "21.09258700",
    "native": "Neringa",
    "timezone": "Europe/Vilnius",
    "translations": {}
  },
  {
    "id": 1612,
    "name": "Pagėgiai",
    "country_id": 126,
    "country_code": "LT",
    "fips_code": null,
    "iso2": "29",
    "type": "municipality",
    "latitude": "55.13325200",
    "longitude": "21.91043980",
    "native": "Pagėgiai",
    "timezone": "Europe/Vilnius",
    "translations": {}
  },
  {
    "id": 1595,
    "name": "Pakruojis",
    "country_id": 126,
    "country_code": "LT",
    "fips_code": null,
    "iso2": "30",
    "type": "district municipality",
    "latitude": "55.97770840",
    "longitude": "23.84517970",
    "native": "Pakruojis",
    "timezone": "Europe/Vilnius",
    "translations": {}
  },
  {
    "id": 1588,
    "name": "Palanga",
    "country_id": 126,
    "country_code": "LT",
    "fips_code": null,
    "iso2": "31",
    "type": "district municipality",
    "latitude": "55.92019800",
    "longitude": "21.06776140",
    "native": "Palanga",
    "timezone": "Europe/Vilnius",
    "translations": {}
  },
  {
    "id": 1558,
    "name": "Panevėžys",
    "country_id": 126,
    "country_code": "LT",
    "fips_code": null,
    "iso2": "PN",
    "type": "county",
    "latitude": "55.73449850",
    "longitude": "24.35780550",
    "native": "Panevėžys",
    "timezone": "Europe/Vilnius",
    "translations": {}
  },
  {
    "id": 1614,
    "name": "Panevėžys",
    "country_id": 126,
    "country_code": "LT",
    "fips_code": null,
    "iso2": "33",
    "type": "district municipality",
    "latitude": "55.73449850",
    "longitude": "24.35780550",
    "native": "Panevėžys",
    "timezone": "Europe/Vilnius",
    "translations": {}
  },
  {
    "id": 1616,
    "name": "Pasvalys",
    "country_id": 126,
    "country_code": "LT",
    "fips_code": null,
    "iso2": "34",
    "type": "district municipality",
    "latitude": "56.06046190",
    "longitude": "24.39629100",
    "native": "Pasvalys",
    "timezone": "Europe/Vilnius",
    "translations": {}
  },
  {
    "id": 1553,
    "name": "Plungė",
    "country_id": 126,
    "country_code": "LT",
    "fips_code": null,
    "iso2": "35",
    "type": "district municipality",
    "latitude": "55.91078400",
    "longitude": "21.84540690",
    "native": "Plungė",
    "timezone": "Europe/Vilnius",
    "translations": {}
  },
  {
    "id": 1578,
    "name": "Prienai",
    "country_id": 126,
    "country_code": "LT",
    "fips_code": null,
    "iso2": "36",
    "type": "district municipality",
    "latitude": "54.63835800",
    "longitude": "23.94680090",
    "native": "Prienai",
    "timezone": "Europe/Vilnius",
    "translations": {}
  },
  {
    "id": 1568,
    "name": "Radviliškis",
    "country_id": 126,
    "country_code": "LT",
    "fips_code": null,
    "iso2": "37",
    "type": "district municipality",
    "latitude": "55.81083990",
    "longitude": "23.54648700",
    "native": "Radviliškis",
    "timezone": "Europe/Vilnius",
    "translations": {}
  },
  {
    "id": 1587,
    "name": "Raseiniai",
    "country_id": 126,
    "country_code": "LT",
    "fips_code": null,
    "iso2": "38",
    "type": "district municipality",
    "latitude": "55.38194990",
    "longitude": "23.11561290",
    "native": "Raseiniai",
    "timezone": "Europe/Vilnius",
    "translations": {}
  },
  {
    "id": 1590,
    "name": "Rietavas",
    "country_id": 126,
    "country_code": "LT",
    "fips_code": null,
    "iso2": "39",
    "type": "municipality",
    "latitude": "55.72294080",
    "longitude": "21.92708040",
    "native": "Rietavas",
    "timezone": "Europe/Vilnius",
    "translations": {}
  },
  {
    "id": 1615,
    "name": "Rokiškis",
    "country_id": 126,
    "country_code": "LT",
    "fips_code": null,
    "iso2": "40",
    "type": "district municipality",
    "latitude": "55.95550390",
    "longitude": "25.58592490",
    "native": "Rokiškis",
    "timezone": "Europe/Vilnius",
    "translations": {}
  },
  {
    "id": 1576,
    "name": "Šakiai",
    "country_id": 126,
    "country_code": "LT",
    "fips_code": null,
    "iso2": "41",
    "type": "district municipality",
    "latitude": "54.95267100",
    "longitude": "23.04801990",
    "native": "Šakiai",
    "timezone": "Europe/Vilnius",
    "translations": {}
  },
  {
    "id": 1577,
    "name": "Šalčininkai",
    "country_id": 126,
    "country_code": "LT",
    "fips_code": null,
    "iso2": "42",
    "type": "district municipality",
    "latitude": "54.30976700",
    "longitude": "25.38756400",
    "native": "Šalčininkai",
    "timezone": "Europe/Vilnius",
    "translations": {}
  },
  {
    "id": 1586,
    "name": "Šiauliai",
    "country_id": 126,
    "country_code": "LT",
    "fips_code": null,
    "iso2": "SA",
    "type": "county",
    "latitude": "55.93408230",
    "longitude": "23.31577750",
    "native": "Šiauliai",
    "timezone": "Europe/Vilnius",
    "translations": {}
  },
  {
    "id": 1609,
    "name": "Šiauliai",
    "country_id": 126,
    "country_code": "LT",
    "fips_code": null,
    "iso2": "43",
    "type": "district municipality",
    "latitude": "55.93408230",
    "longitude": "23.31577750",
    "native": "Šiauliai",
    "timezone": "Europe/Vilnius",
    "translations": {}
  },
  {
    "id": 1613,
    "name": "Šilalė ",
    "country_id": 126,
    "country_code": "LT",
    "fips_code": null,
    "iso2": "45",
    "type": "district municipality",
    "latitude": "55.49268000",
    "longitude": "22.18455590",
    "native": "Šilalė",
    "timezone": "Europe/Vilnius",
    "translations": {}
  },
  {
    "id": 1607,
    "name": "Šilutė",
    "country_id": 126,
    "country_code": "LT",
    "fips_code": null,
    "iso2": "46",
    "type": "district municipality",
    "latitude": "55.34137470",
    "longitude": "21.46056970",
    "native": "Šilutė",
    "timezone": "Europe/Vilnius",
    "translations": {}
  },
  {
    "id": 1594,
    "name": "Širvintos",
    "country_id": 126,
    "country_code": "LT",
    "fips_code": null,
    "iso2": "47",
    "type": "district municipality",
    "latitude": "55.04310200",
    "longitude": "24.95698100",
    "native": "Širvintos",
    "timezone": "Europe/Vilnius",
    "translations": {}
  },
  {
    "id": 1617,
    "name": "Skuodas",
    "country_id": 126,
    "country_code": "LT",
    "fips_code": null,
    "iso2": "48",
    "type": "district municipality",
    "latitude": "56.27021690",
    "longitude": "21.52143310",
    "native": "Skuodas",
    "timezone": "Europe/Vilnius",
    "translations": {}
  },
  {
    "id": 1560,
    "name": "Švenčionys",
    "country_id": 126,
    "country_code": "LT",
    "fips_code": null,
    "iso2": "49",
    "type": "district municipality",
    "latitude": "55.13368650",
    "longitude": "26.16301460",
    "native": "Švenčionys",
    "timezone": "Europe/Vilnius",
    "translations": {}
  },
  {
    "id": 1573,
    "name": "Tauragė",
    "country_id": 126,
    "country_code": "LT",
    "fips_code": null,
    "iso2": "TA",
    "type": "county",
    "latitude": "55.30725860",
    "longitude": "22.35729390",
    "native": "Tauragė",
    "timezone": "Europe/Vilnius",
    "translations": {}
  },
  {
    "id": 1572,
    "name": "Tauragė",
    "country_id": 126,
    "country_code": "LT",
    "fips_code": null,
    "iso2": "50",
    "type": "district municipality",
    "latitude": "55.25036600",
    "longitude": "22.29095000",
    "native": "Tauragė",
    "timezone": "Europe/Vilnius",
    "translations": {}
  },
  {
    "id": 1608,
    "name": "Telšiai",
    "country_id": 126,
    "country_code": "LT",
    "fips_code": null,
    "iso2": "51",
    "type": "district municipality",
    "latitude": "55.98461350",
    "longitude": "22.24907530",
    "native": "Telšiai",
    "timezone": "Europe/Vilnius",
    "translations": {}
  },
  {
    "id": 1569,
    "name": "Telšiai",
    "country_id": 126,
    "country_code": "LT",
    "fips_code": null,
    "iso2": "TE",
    "type": "county",
    "latitude": "55.98461350",
    "longitude": "22.24907530",
    "native": "Telšiai",
    "timezone": "Europe/Vilnius",
    "translations": {}
  },
  {
    "id": 1593,
    "name": "Trakai",
    "country_id": 126,
    "country_code": "LT",
    "fips_code": null,
    "iso2": "52",
    "type": "district municipality",
    "latitude": "54.63791130",
    "longitude": "24.93468940",
    "native": "Trakai",
    "timezone": "Europe/Vilnius",
    "translations": {}
  },
  {
    "id": 1596,
    "name": "Ukmergė",
    "country_id": 126,
    "country_code": "LT",
    "fips_code": null,
    "iso2": "53",
    "type": "district municipality",
    "latitude": "55.24772930",
    "longitude": "24.75997140",
    "native": "Ukmergė",
    "timezone": "Europe/Vilnius",
    "translations": {}
  },
  {
    "id": 1598,
    "name": "Utena",
    "country_id": 126,
    "country_code": "LT",
    "fips_code": null,
    "iso2": "54",
    "type": "district municipality",
    "latitude": "55.48718330",
    "longitude": "25.63862210",
    "native": "Utena",
    "timezone": "Europe/Vilnius",
    "translations": {}
  },
  {
    "id": 1621,
    "name": "Utena",
    "country_id": 126,
    "country_code": "LT",
    "fips_code": null,
    "iso2": "UT",
    "type": "county",
    "latitude": "55.48718330",
    "longitude": "25.63862210",
    "native": "Utena",
    "timezone": "Europe/Vilnius",
    "translations": {}
  },
  {
    "id": 1602,
    "name": "Varėna",
    "country_id": 126,
    "country_code": "LT",
    "fips_code": null,
    "iso2": "55",
    "type": "district municipality",
    "latitude": "54.21217640",
    "longitude": "24.56737240",
    "native": "Varėna",
    "timezone": "Europe/Vilnius",
    "translations": {}
  },
  {
    "id": 1620,
    "name": "Vilkaviškis",
    "country_id": 126,
    "country_code": "LT",
    "fips_code": null,
    "iso2": "56",
    "type": "district municipality",
    "latitude": "54.65194500",
    "longitude": "23.03515500",
    "native": "Vilkaviškis",
    "timezone": "Europe/Vilnius",
    "translations": {}
  },
  {
    "id": 1606,
    "name": "Vilnius",
    "country_id": 126,
    "country_code": "LT",
    "fips_code": null,
    "iso2": "57",
    "type": "district municipality",
    "latitude": "54.68704580",
    "longitude": "25.28291110",
    "native": "Vilnius",
    "timezone": "Europe/Vilnius",
    "translations": {}
  },
  {
    "id": 1601,
    "name": "Vilnius",
    "country_id": 126,
    "country_code": "LT",
    "fips_code": null,
    "iso2": "VL",
    "type": "county",
    "latitude": "54.68704580",
    "longitude": "25.28291110",
    "native": "Vilnius",
    "timezone": "Europe/Vilnius",
    "translations": {}
  },
  {
    "id": 1564,
    "name": "Visaginas",
    "country_id": 126,
    "country_code": "LT",
    "fips_code": null,
    "iso2": "59",
    "type": "municipality",
    "latitude": "55.59411800",
    "longitude": "26.43079540",
    "native": "Visaginas",
    "timezone": "Europe/Vilnius",
    "translations": {}
  },
  {
    "id": 1619,
    "name": "Zarasai",
    "country_id": 126,
    "country_code": "LT",
    "fips_code": null,
    "iso2": "60",
    "type": "district municipality",
    "latitude": "55.73096090",
    "longitude": "26.24529500",
    "native": "Zarasai",
    "timezone": "Europe/Vilnius",
    "translations": {}
  }
]